CREATE DATABASE  IF NOT EXISTS `library` /*!40100 DEFAULT CHARACTER SET utf8 */;
USE `library`;
-- MySQL dump 10.13  Distrib 5.6.17, for Win32 (x86)
--
-- Host: localhost    Database: library
-- ------------------------------------------------------
-- Server version	5.6.19

/*!40101 SET @OLD_CHARACTER_SET_CLIENT=@@CHARACTER_SET_CLIENT */;
/*!40101 SET @OLD_CHARACTER_SET_RESULTS=@@CHARACTER_SET_RESULTS */;
/*!40101 SET @OLD_COLLATION_CONNECTION=@@COLLATION_CONNECTION */;
/*!40101 SET NAMES utf8 */;
/*!40103 SET @OLD_TIME_ZONE=@@TIME_ZONE */;
/*!40103 SET TIME_ZONE='+00:00' */;
/*!40014 SET @OLD_UNIQUE_CHECKS=@@UNIQUE_CHECKS, UNIQUE_CHECKS=0 */;
/*!40014 SET @OLD_FOREIGN_KEY_CHECKS=@@FOREIGN_KEY_CHECKS, FOREIGN_KEY_CHECKS=0 */;
/*!40101 SET @OLD_SQL_MODE=@@SQL_MODE, SQL_MODE='NO_AUTO_VALUE_ON_ZERO' */;
/*!40111 SET @OLD_SQL_NOTES=@@SQL_NOTES, SQL_NOTES=0 */;

--
-- Table structure for table `address`
--

DROP TABLE IF EXISTS `address`;
/*!40101 SET @saved_cs_client     = @@character_set_client */;
/*!40101 SET character_set_client = utf8 */;
CREATE TABLE `address` (
  `address_id` int(5) unsigned zerofill NOT NULL AUTO_INCREMENT,
  `address` varchar(100) DEFAULT NULL,
  PRIMARY KEY (`address_id`)
) ENGINE=InnoDB AUTO_INCREMENT=41 DEFAULT CHARSET=utf8;
/*!40101 SET character_set_client = @saved_cs_client */;

--
-- Dumping data for table `address`
--

LOCK TABLES `address` WRITE;
/*!40000 ALTER TABLE `address` DISABLE KEYS */;
INSERT INTO `address` VALUES (00009,'PUCIT LIBRARY'),(00025,'2335 Canton Hwy #6'),(00026,'6 Arch St #9757'),(00027,'9547 Belmont Rd #21'),(00028,'73 Pittsford Victor Rd'),(00029,'447 Commercial St Se'),(00030,'47 Garfield Ave'),(00031,'3 Mill Rd'),(00032,'136 W Grand Ave #3'),(00033,'80 Maplewood Dr #34'),(00034,'58 Hancock St'),(00035,'808 Calle De Industrias'),(00036,'123 Euclid Ave #9396'),(00037,'1251 E Main St #990'),(00038,'259 W 17th St #39'),(00039,'9 Route 38'),(00040,'PUCIT');
/*!40000 ALTER TABLE `address` ENABLE KEYS */;
UNLOCK TABLES;

--
-- Table structure for table `author`
--

DROP TABLE IF EXISTS `author`;
/*!40101 SET @saved_cs_client     = @@character_set_client */;
/*!40101 SET character_set_client = utf8 */;
CREATE TABLE `author` (
  `author_id` int(5) unsigned zerofill NOT NULL AUTO_INCREMENT,
  `author_name` varchar(80) DEFAULT NULL,
  PRIMARY KEY (`author_id`),
  UNIQUE KEY `author_name` (`author_name`)
) ENGINE=InnoDB AUTO_INCREMENT=13 DEFAULT CHARSET=utf8;
/*!40101 SET character_set_client = @saved_cs_client */;

--
-- Dumping data for table `author`
--

LOCK TABLES `author` WRITE;
/*!40000 ALTER TABLE `author` DISABLE KEYS */;
INSERT INTO `author` VALUES (00010,'DIETEL N DIETEL'),(00011,'HOWARDD'),(00012,'MEHTA'),(00008,'TONY');
/*!40000 ALTER TABLE `author` ENABLE KEYS */;
UNLOCK TABLES;

--
-- Table structure for table `book`
--

DROP TABLE IF EXISTS `book`;
/*!40101 SET @saved_cs_client     = @@character_set_client */;
/*!40101 SET character_set_client = utf8 */;
CREATE TABLE `book` (
  `book_id` int(5) unsigned zerofill NOT NULL AUTO_INCREMENT,
  `ISBN` bigint(20) unsigned NOT NULL,
  `publication_date` date DEFAULT NULL,
  `Edition` int(2) unsigned zerofill DEFAULT NULL,
  PRIMARY KEY (`book_id`)
) ENGINE=InnoDB AUTO_INCREMENT=18 DEFAULT CHARSET=utf8;
/*!40101 SET character_set_client = @saved_cs_client */;

--
-- Dumping data for table `book`
--

LOCK TABLES `book` WRITE;
/*!40000 ALTER TABLE `book` DISABLE KEYS */;
INSERT INTO `book` VALUES (00014,11112365,'1996-00-00',08),(00015,1458965,'1998-00-00',08),(00016,123654,'1489-00-00',04),(00017,1245963278,'1999-00-00',05);
/*!40000 ALTER TABLE `book` ENABLE KEYS */;
UNLOCK TABLES;
/*!50003 SET @saved_cs_client      = @@character_set_client */ ;
/*!50003 SET @saved_cs_results     = @@character_set_results */ ;
/*!50003 SET @saved_col_connection = @@collation_connection */ ;
/*!50003 SET character_set_client  = utf8 */ ;
/*!50003 SET character_set_results = utf8 */ ;
/*!50003 SET collation_connection  = utf8_general_ci */ ;
/*!50003 SET @saved_sql_mode       = @@sql_mode */ ;
/*!50003 SET sql_mode              = '' */ ;
DELIMITER ;;
/*!50003 CREATE*/ /*!50017 DEFINER=`root`@`localhost`*/ /*!50003 TRIGGER del_book_details_trig AFTER DELETE ON book
    FOR EACH ROW BEGIN 
DELETE from book_details
where book_id NOT IN (SELECT book_id from book);
END */;;
DELIMITER ;
/*!50003 SET sql_mode              = @saved_sql_mode */ ;
/*!50003 SET character_set_client  = @saved_cs_client */ ;
/*!50003 SET character_set_results = @saved_cs_results */ ;
/*!50003 SET collation_connection  = @saved_col_connection */ ;

--
-- Table structure for table `book_copy`
--

DROP TABLE IF EXISTS `book_copy`;
/*!40101 SET @saved_cs_client     = @@character_set_client */;
/*!40101 SET character_set_client = utf8 */;
CREATE TABLE `book_copy` (
  `book_id` int(5) unsigned zerofill NOT NULL DEFAULT '00000',
  `copy_no` int(2) unsigned NOT NULL DEFAULT '1',
  `book_added_date` date DEFAULT NULL,
  PRIMARY KEY (`book_id`,`copy_no`),
  CONSTRAINT `bc_id_fk` FOREIGN KEY (`book_id`) REFERENCES `book` (`book_id`) ON DELETE CASCADE ON UPDATE CASCADE
) ENGINE=InnoDB DEFAULT CHARSET=utf8;
/*!40101 SET character_set_client = @saved_cs_client */;

--
-- Dumping data for table `book_copy`
--

LOCK TABLES `book_copy` WRITE;
/*!40000 ALTER TABLE `book_copy` DISABLE KEYS */;
INSERT INTO `book_copy` VALUES (00014,1,'2015-05-24'),(00015,1,'2015-05-24'),(00016,1,'2015-05-24'),(00017,1,'2015-05-25'),(00017,2,'2015-05-25'),(00017,3,'2015-05-25'),(00017,4,'2015-05-25'),(00017,5,'2015-05-25'),(00017,6,'2015-05-25'),(00017,7,'2015-05-25'),(00017,8,'2015-05-25'),(00017,9,'2015-05-25'),(00017,10,'2015-05-25'),(00017,11,'2015-05-25'),(00017,12,'2015-05-25'),(00017,13,'2015-05-25');
/*!40000 ALTER TABLE `book_copy` ENABLE KEYS */;
UNLOCK TABLES;
/*!50003 SET @saved_cs_client      = @@character_set_client */ ;
/*!50003 SET @saved_cs_results     = @@character_set_results */ ;
/*!50003 SET @saved_col_connection = @@collation_connection */ ;
/*!50003 SET character_set_client  = utf8 */ ;
/*!50003 SET character_set_results = utf8 */ ;
/*!50003 SET collation_connection  = utf8_general_ci */ ;
/*!50003 SET @saved_sql_mode       = @@sql_mode */ ;
/*!50003 SET sql_mode              = '' */ ;
DELIMITER ;;
/*!50003 CREATE*/ /*!50017 DEFINER=`root`@`localhost`*/ /*!50003 TRIGGER del_book_trig AFTER DELETE ON book_copy
    FOR EACH ROW BEGIN 
DELETE from book 
where book_id NOT IN (SELECT book_id from book_copy);
END */;;
DELIMITER ;
/*!50003 SET sql_mode              = @saved_sql_mode */ ;
/*!50003 SET character_set_client  = @saved_cs_client */ ;
/*!50003 SET character_set_results = @saved_cs_results */ ;
/*!50003 SET collation_connection  = @saved_col_connection */ ;

--
-- Table structure for table `book_copy_details`
--

DROP TABLE IF EXISTS `book_copy_details`;
/*!40101 SET @saved_cs_client     = @@character_set_client */;
/*!40101 SET character_set_client = utf8 */;
CREATE TABLE `book_copy_details` (
  `book_id` int(5) unsigned zerofill NOT NULL DEFAULT '00000',
  `copies` int(2) unsigned zerofill NOT NULL DEFAULT '01',
  `copies_reserved` int(2) unsigned zerofill DEFAULT '00',
  `publication_date` date DEFAULT NULL
) ENGINE=InnoDB DEFAULT CHARSET=utf8;
/*!40101 SET character_set_client = @saved_cs_client */;

--
-- Dumping data for table `book_copy_details`
--

LOCK TABLES `book_copy_details` WRITE;
/*!40000 ALTER TABLE `book_copy_details` DISABLE KEYS */;
INSERT INTO `book_copy_details` VALUES (00003,02,00,'2001-00-00'),(00005,01,00,'1975-00-00'),(00006,06,00,'1975-00-00'),(00007,04,00,'1990-00-00'),(00008,04,00,'1987-00-00'),(00009,04,00,'1980-00-00'),(00010,04,00,'1981-00-00'),(00011,04,00,'1986-00-00'),(00012,04,00,'1929-00-00'),(00013,04,00,'1980-00-00'),(00014,04,00,'1978-00-00'),(00015,04,00,'1989-00-00'),(00016,01,00,'1989-00-00'),(00017,01,00,'1989-00-00'),(00018,01,00,'1987-00-00'),(00019,01,00,'1979-00-00'),(00020,01,00,'1989-00-00'),(00021,01,00,'1917-00-00'),(00022,01,00,'1973-00-00'),(00023,01,00,'1974-00-00'),(00024,01,00,'1963-00-00'),(00025,01,00,'1987-00-00'),(00026,01,00,'1942-00-00'),(00027,01,00,'1988-00-00'),(00028,01,00,'1990-00-00'),(00029,01,00,'1951-00-00'),(00030,01,00,'1985-00-00'),(00031,01,00,'1984-00-00'),(00032,01,00,'1977-00-00'),(00033,01,00,'1983-00-00'),(00034,01,00,'1986-00-00'),(00035,01,00,'1955-00-00'),(00036,01,00,'1989-00-00'),(00037,01,00,'1989-00-00'),(00038,01,00,'1989-00-00'),(00039,01,00,'1991-00-00'),(00040,01,00,'1917-00-00'),(00041,01,00,'1990-00-00'),(00042,01,00,'1951-00-00'),(00043,01,00,'1988-00-00'),(00044,01,00,'1987-00-00'),(00045,01,00,'1978-00-00'),(00046,01,00,'1981-00-00'),(00047,01,00,'1897-00-00'),(00048,01,00,'1955-00-00'),(00049,01,00,'1980-00-00'),(00050,01,00,'1988-00-00'),(00051,01,00,'1990-00-00'),(00052,01,00,'1974-00-00'),(00053,01,00,'1986-00-00'),(00054,01,00,'1979-00-00'),(00055,01,00,'1973-00-00'),(00056,01,00,'1985-00-00'),(00057,01,00,'1989-00-00'),(00058,01,00,'1989-00-00'),(00059,01,00,'1979-00-00'),(00060,01,00,'1991-00-00'),(00061,01,00,'1989-00-00'),(00062,01,00,'1990-00-00'),(00063,01,00,'1954-00-00'),(00064,01,00,'1983-00-00'),(00065,01,00,'1985-00-00'),(00066,01,00,'1989-00-00'),(00067,01,00,'1977-00-00'),(00068,01,00,'1984-00-00'),(00069,01,00,'1983-00-00'),(00070,01,00,'1978-00-00'),(00071,01,00,'1979-00-00'),(00072,01,00,'1986-00-00'),(00073,01,00,'1939-00-00'),(00074,01,00,'1962-00-00'),(00075,01,00,'1955-00-00'),(00076,01,00,'1981-00-00'),(00077,01,00,'1979-00-00'),(00078,01,00,'1980-00-00'),(00079,01,00,'1986-00-00'),(00080,01,00,'1981-00-00'),(00081,01,00,'1983-00-00'),(00082,01,00,'1964-00-00'),(00083,01,00,'1990-00-00'),(00084,01,00,'1984-00-00'),(00085,01,00,'1981-00-00'),(00086,01,00,'1979-00-00'),(00087,01,00,'1984-00-00'),(00088,01,00,'1962-00-00'),(00089,01,00,'1963-00-00'),(00090,01,00,'1989-00-00'),(00091,01,00,'1975-00-00'),(00092,01,00,'1989-00-00'),(00093,01,00,'1964-00-00'),(00094,01,00,'1897-00-00'),(00095,01,00,'1989-00-00'),(00096,01,00,'1984-00-00'),(00097,01,00,'1980-00-00'),(00098,01,00,'1991-00-00'),(00099,01,00,'1987-00-00'),(00100,01,00,'1988-00-00'),(00101,01,00,'1982-00-00'),(00102,01,00,'1989-00-00'),(00103,01,00,'1989-00-00'),(00104,01,00,'1986-00-00'),(00105,01,00,'1989-00-00'),(00106,01,00,'1989-00-00'),(00107,01,00,'1986-00-00'),(00108,01,00,'1985-00-00'),(00109,01,00,'1984-00-00'),(00110,01,00,'1988-00-00'),(00111,01,00,'1985-00-00'),(00112,01,00,'1979-00-00'),(00113,01,00,'1975-00-00'),(00114,01,00,'1983-00-00'),(00115,01,00,'1975-00-00'),(00116,01,00,'1939-00-00'),(00117,01,00,'1986-00-00'),(00118,01,00,'1983-00-00'),(00119,01,00,'1984-00-00'),(00120,01,00,'1978-00-00'),(00121,01,00,'1986-00-00'),(00122,01,00,'1963-00-00'),(00123,01,00,'1955-00-00'),(00124,01,00,'1981-00-00'),(00125,01,00,'1951-00-00'),(00126,01,00,'1986-00-00'),(00127,01,00,'1989-00-00'),(00128,01,00,'1979-00-00'),(00129,01,00,'1974-00-00'),(00130,01,00,'1955-00-00'),(00131,01,00,'1985-00-00'),(00132,01,00,'1982-00-00'),(00133,01,00,'1980-00-00'),(00134,01,00,'1978-00-00'),(00135,01,00,'1984-00-00'),(00136,01,00,'1944-00-00'),(00137,01,00,'1977-00-00'),(00138,01,00,'1986-00-00'),(00139,01,00,'1989-00-00'),(00140,01,00,'1985-00-00'),(00141,01,00,'1973-00-00'),(00142,01,00,'1984-00-00'),(00143,01,00,'1970-00-00'),(00144,01,00,'1957-00-00'),(00145,01,00,'1954-00-00'),(00146,01,00,'1977-00-00'),(00147,01,00,'1984-00-00'),(00148,01,00,'1975-00-00'),(00149,01,00,'1951-00-00'),(00150,01,00,'1986-00-00'),(00151,01,00,'1974-00-00'),(00152,01,00,'1991-00-00'),(00153,01,00,'1983-00-00'),(00154,01,00,'1979-00-00'),(00155,01,00,'1990-00-00'),(00156,01,00,'1897-00-00'),(00157,01,00,'1954-00-00'),(00158,01,00,'1991-00-00'),(00159,01,00,'1988-00-00'),(00160,01,00,'1977-00-00'),(00161,01,00,'1951-00-00'),(00162,01,00,'1984-00-00'),(00163,01,00,'1954-00-00'),(00164,01,00,'1981-00-00'),(00165,01,00,'1975-00-00'),(00166,01,00,'1987-00-00'),(00167,01,00,'1958-00-00'),(00168,01,00,'1963-00-00'),(00169,01,00,'1988-00-00'),(00170,01,00,'1951-00-00'),(00171,01,00,'1974-00-00'),(00172,01,00,'1983-00-00'),(00173,01,00,'1979-00-00'),(00174,01,00,'1989-00-00'),(00175,01,00,'1985-00-00'),(00176,01,00,'1979-00-00'),(00177,01,00,'1991-00-00'),(00178,01,00,'1974-00-00'),(00179,01,00,'1979-00-00'),(00180,01,00,'1989-00-00'),(00181,01,00,'1977-00-00'),(00182,01,00,'1989-00-00'),(00183,01,00,'1977-00-00'),(00184,01,00,'1958-00-00'),(00185,01,00,'1990-00-00'),(00186,01,00,'1973-00-00'),(00187,01,00,'1962-00-00'),(00188,01,00,'1962-00-00'),(00189,01,00,'1897-00-00'),(00190,01,00,'1975-00-00'),(00191,01,00,'1954-00-00'),(00192,01,00,'1957-00-00'),(00193,01,00,'1979-00-00'),(00194,01,00,'1988-00-00'),(00195,01,00,'1989-00-00'),(00196,01,00,'1974-00-00'),(00197,01,00,'1973-00-00'),(00198,01,00,'1942-00-00'),(00199,01,00,'1984-00-00'),(00200,01,00,'1988-00-00'),(00201,01,00,'1977-00-00'),(00202,01,00,'1990-00-00'),(00203,01,00,'1989-00-00'),(00204,01,00,'1984-00-00'),(00205,01,00,'1988-00-00'),(00206,01,00,'1990-00-00'),(00207,01,00,'1989-00-00'),(00208,01,00,'1987-00-00'),(00209,01,00,'1987-00-00'),(00210,01,00,'1986-00-00'),(00211,01,00,'1984-00-00'),(00212,01,00,'1954-00-00'),(00213,01,00,'1989-00-00'),(00214,01,00,'1975-00-00'),(00215,01,00,'1963-00-00'),(00216,01,00,'1917-00-00'),(00217,01,00,'1990-00-00'),(00218,01,00,'1955-00-00'),(00219,01,00,'1986-00-00'),(00220,01,00,'1984-00-00'),(00221,01,00,'1986-00-00'),(00222,01,00,'1986-00-00'),(00223,01,00,'1954-00-00'),(00224,01,00,'1974-00-00'),(00225,01,00,'1991-00-00'),(00226,01,00,'1990-00-00'),(00227,01,00,'1983-00-00'),(00228,01,00,'1979-00-00'),(00229,01,00,'1954-00-00'),(00230,01,00,'1951-00-00'),(00231,01,00,'1951-00-00'),(00232,01,00,'1954-00-00'),(00233,01,00,'1963-00-00'),(00234,01,00,'0000-00-00'),(00235,01,00,'1981-00-00'),(00236,01,00,'1988-00-00'),(00237,01,00,NULL),(00238,01,00,'1985-00-00'),(00239,01,00,'1986-00-00'),(00240,01,00,'1991-00-00'),(00241,01,00,'1977-00-00'),(00242,01,00,'1989-00-00'),(00243,01,00,'1970-00-00'),(00244,01,00,'1979-00-00'),(00245,01,00,'1983-00-00'),(00246,01,00,'1986-00-00'),(00247,01,00,'1989-00-00'),(00248,01,00,'1983-00-00'),(00249,01,00,'1897-00-00'),(00250,01,00,'1975-00-00'),(00251,01,00,'1983-00-00'),(00252,01,00,'1984-00-00'),(00253,01,00,'1974-00-00'),(00254,01,00,'1991-00-00'),(00255,01,00,'1897-00-00'),(00256,01,00,'1979-00-00'),(00257,01,00,'1969-00-00'),(00258,01,00,'1986-00-00'),(00259,01,00,'1983-00-00'),(00260,01,00,'1989-00-00'),(00261,01,00,'1974-00-00'),(00262,01,00,'1989-00-00'),(00263,01,00,'1988-00-00'),(00264,01,00,'1983-00-00'),(00265,01,00,'1944-00-00'),(00266,01,00,'1942-00-00'),(00267,01,00,'1988-00-00'),(00268,01,00,'1991-00-00'),(00269,01,00,'1942-00-00'),(00270,01,00,'1985-00-00'),(00271,01,00,'1984-00-00'),(00272,01,00,'1991-00-00'),(00273,01,00,'1983-00-00'),(00274,01,00,'1974-00-00'),(00275,01,00,'1988-00-00'),(00276,01,00,'1897-00-00'),(00277,01,00,'1989-00-00'),(00310,01,00,'1975-00-00'),(00311,01,00,'1990-00-00'),(00312,01,00,'1987-00-00'),(00313,01,00,'1980-00-00'),(00314,01,00,'1981-00-00'),(00315,01,00,'1986-00-00'),(00316,01,00,'1929-00-00'),(00317,01,00,'1980-00-00'),(00318,01,00,'1978-00-00'),(00319,01,00,'1989-00-00'),(00320,01,00,'1989-00-00'),(00321,01,00,'1989-00-00'),(00322,01,00,'1987-00-00'),(00323,01,00,'1979-00-00'),(00324,01,00,'1989-00-00'),(00325,01,00,'1917-00-00'),(00326,01,00,'1973-00-00'),(00327,01,00,'1974-00-00'),(00328,01,00,'1963-00-00'),(00329,01,00,'1987-00-00'),(00330,01,00,'1942-00-00'),(00331,01,00,'1988-00-00'),(00332,01,00,'1990-00-00'),(00333,01,00,'1981-00-00'),(00334,01,00,'1974-00-00'),(00335,01,00,'1962-00-00'),(00336,01,00,'1963-00-00'),(00337,01,00,'1986-00-00'),(00338,01,00,'1986-00-00'),(00339,01,00,'1984-00-00'),(00340,01,00,'1984-00-00'),(00341,01,00,'1989-00-00'),(00342,01,00,'1989-00-00'),(00343,01,00,'1975-00-00'),(00344,01,00,'1964-00-00'),(00345,01,00,'1986-00-00'),(00346,01,00,'1991-00-00'),(00347,01,00,'1975-00-00'),(00348,01,00,'1962-00-00'),(00349,01,00,'1984-00-00'),(00350,01,00,'1988-00-00'),(00351,01,00,'1986-00-00'),(00352,01,00,'1951-00-00'),(00353,01,00,'1985-00-00'),(00354,01,00,'1984-00-00'),(00355,01,00,'1977-00-00'),(00356,01,00,'1983-00-00'),(00357,01,00,'1986-00-00'),(00358,01,00,'1955-00-00'),(00359,01,00,'1989-00-00'),(00360,01,00,'1989-00-00'),(00361,01,00,'1989-00-00'),(00362,01,00,'1991-00-00'),(00363,01,00,'1990-00-00'),(00364,01,00,'1989-00-00'),(00365,01,00,'1954-00-00'),(00366,01,00,'1983-00-00'),(00367,01,00,'1979-00-00'),(00368,01,00,'1972-00-00'),(00369,01,00,'1917-00-00'),(00370,01,00,'1990-00-00'),(00371,01,00,'1986-00-00'),(00372,01,00,'1955-00-00'),(00373,01,00,'1897-00-00'),(00374,01,00,'1954-00-00'),(00375,01,00,'1991-00-00'),(00376,01,00,'1980-00-00'),(00377,01,00,'1981-00-00'),(00378,01,00,'1954-00-00'),(00379,01,00,'1951-00-00'),(00380,01,00,'1988-00-00'),(00381,01,00,'1987-00-00'),(00382,01,00,'1978-00-00'),(00383,01,00,'1981-00-00'),(00384,01,00,'1897-00-00'),(00385,01,00,'1955-00-00'),(00386,01,00,'1980-00-00'),(00387,01,00,'1988-00-00'),(00388,01,00,'1990-00-00'),(00389,01,00,'1974-00-00'),(00390,01,00,'1986-00-00'),(00391,01,00,'1979-00-00'),(00392,01,00,'1973-00-00'),(00393,01,00,'1985-00-00'),(00394,01,00,'1989-00-00'),(00395,01,00,'1989-00-00'),(00396,01,00,'1979-00-00'),(00397,01,00,'1991-00-00'),(00398,01,00,'1989-00-00'),(00399,01,00,'1990-00-00'),(00400,01,00,'1977-00-00'),(00401,01,00,'1977-00-00'),(00402,01,00,'1984-00-00'),(00403,01,00,'1917-00-00'),(00404,01,00,'1954-00-00'),(00405,01,00,'1983-00-00'),(00406,01,00,'1987-00-00'),(00407,01,00,'1954-00-00'),(00408,01,00,'1981-00-00'),(00409,01,00,'1984-00-00'),(00410,01,00,'1985-00-00'),(00411,01,00,'1989-00-00'),(00412,01,00,'1977-00-00'),(00413,01,00,'1986-00-00'),(00414,01,00,'1897-00-00'),(00415,01,00,'1951-00-00'),(00416,01,00,'1989-00-00'),(00417,01,00,'1980-00-00'),(00418,01,00,'1975-00-00'),(00419,01,00,'1983-00-00'),(00420,01,00,'1981-00-00'),(00421,01,00,'1987-00-00'),(00422,01,00,'1987-00-00'),(00423,01,00,'1975-00-00'),(00424,01,00,'1983-00-00'),(00425,01,00,'1963-00-00'),(00426,01,00,'1981-00-00'),(00427,01,00,'1988-00-00'),(00428,01,00,'1989-00-00'),(00429,01,00,'1981-00-00'),(00430,01,00,'1897-00-00'),(00431,01,00,'1955-00-00'),(00432,01,00,'1986-00-00'),(00433,01,00,'1978-00-00'),(00434,01,00,'1986-00-00'),(00435,01,00,'1983-00-00'),(00436,01,00,'1988-00-00'),(00437,01,00,'1989-00-00'),(00438,01,00,'1989-00-00'),(00439,01,00,'1944-00-00'),(00440,01,00,'1897-00-00'),(00441,01,00,'1988-00-00'),(00442,01,00,'1984-00-00'),(00443,01,00,'1980-00-00'),(00444,01,00,'1963-00-00'),(00445,01,00,'1976-00-00'),(00446,01,00,'1954-00-00'),(00447,01,00,'1972-00-00'),(00448,01,00,'1972-00-00'),(00449,01,00,'1972-00-00'),(00450,01,00,'1981-00-00'),(00451,01,00,'1942-00-00'),(00452,01,00,'1990-00-00'),(00453,01,00,'1987-00-00'),(00454,01,00,'1897-00-00'),(00455,01,00,'1989-00-00'),(00456,01,00,'1917-00-00'),(00457,01,00,'1988-00-00'),(00458,01,00,'1951-00-00'),(00459,01,00,'1954-00-00'),(00460,01,00,'1974-00-00'),(00461,01,00,'1958-00-00'),(00462,01,00,'1988-00-00'),(00463,01,00,'1991-00-00'),(00464,01,00,'1983-00-00'),(00465,01,00,'1985-00-00'),(00466,01,00,'1981-00-00'),(00467,01,00,'1951-00-00'),(00468,01,00,'1979-00-00'),(00469,01,00,'1989-00-00'),(00470,01,00,'1989-00-00'),(00471,01,00,'1897-00-00'),(00472,01,00,'1973-00-00'),(00473,01,00,'1963-00-00'),(00474,01,00,'1964-00-00'),(00475,01,00,'1988-00-00'),(00476,01,00,'1981-00-00'),(00477,01,00,'1989-00-00'),(00478,01,00,'1977-00-00'),(00479,01,00,'1984-00-00'),(00480,01,00,'1972-00-00'),(00481,01,00,'1986-00-00'),(00482,01,00,'1988-00-00'),(00483,01,00,'1983-00-00'),(00484,01,00,'1978-00-00'),(00485,01,00,'1962-00-00'),(00486,01,00,'1917-00-00'),(00487,01,00,'1954-00-00'),(00488,01,00,'1983-00-00'),(00489,01,00,'1978-00-00'),(00490,01,00,'1979-00-00'),(00491,01,00,'1986-00-00'),(00492,01,00,'1939-00-00'),(00493,01,00,'1962-00-00'),(00494,01,00,'1955-00-00'),(00495,01,00,'1981-00-00'),(00496,01,00,'1979-00-00'),(00497,01,00,'1981-00-00'),(00498,01,00,'1990-00-00'),(00499,01,00,'1989-00-00'),(00500,01,00,'1984-00-00'),(00501,01,00,'1897-00-00'),(00502,01,00,'1984-00-00'),(00503,01,00,'1973-00-00'),(00504,01,00,'1977-00-00'),(00505,01,00,'1951-00-00'),(00506,01,00,'1954-00-00'),(00507,01,00,'1984-00-00'),(00508,01,00,'1917-00-00'),(00509,01,00,'1991-00-00'),(00510,01,00,'1975-00-00'),(00511,01,00,'1989-00-00'),(00512,01,00,'1987-00-00'),(00513,01,00,'1978-00-00'),(00514,01,00,'1951-00-00'),(00515,01,00,'1977-00-00'),(00516,01,00,'1977-00-00'),(00517,01,00,'1989-00-00'),(00518,01,00,'1974-00-00'),(00519,01,00,'1983-00-00'),(00520,01,00,'1917-00-00'),(00521,01,00,'1959-00-00'),(00522,01,00,'1979-00-00'),(00523,01,00,'1973-00-00'),(00524,01,00,'1980-00-00'),(00525,01,00,'1972-00-00'),(00526,01,00,'1980-00-00'),(00527,01,00,'1986-00-00'),(00528,01,00,'1981-00-00'),(00529,01,00,'1983-00-00'),(00530,01,00,'1964-00-00'),(00531,01,00,'1990-00-00'),(00532,01,00,'1984-00-00'),(00533,01,00,'1981-00-00'),(00534,01,00,'1979-00-00'),(00535,01,00,'1984-00-00'),(00536,01,00,'1962-00-00'),(00537,01,00,'1963-00-00'),(00538,01,00,'1989-00-00'),(00539,01,00,'1975-00-00'),(00540,01,00,'1989-00-00'),(00541,01,00,'1964-00-00'),(00542,01,00,'1972-00-00'),(00543,01,00,'1989-00-00'),(00544,01,00,'1984-00-00'),(00545,01,00,'1988-00-00'),(00546,01,00,'1951-00-00'),(00547,01,00,'1989-00-00'),(00548,01,00,'1986-00-00'),(00549,01,00,'1973-00-00'),(00550,01,00,'1975-00-00'),(00551,01,00,'1978-00-00'),(00552,01,00,'1979-00-00'),(00553,01,00,'1975-00-00'),(00554,01,00,'1990-00-00'),(00555,01,00,'1987-00-00'),(00556,01,00,'1980-00-00'),(00557,01,00,'1981-00-00'),(00558,01,00,'1986-00-00'),(00559,01,00,'1929-00-00'),(00560,01,00,'1980-00-00'),(00561,01,00,'1978-00-00'),(00562,01,00,'1989-00-00'),(00563,01,00,'1989-00-00'),(00564,01,00,'1989-00-00'),(00565,01,00,'1987-00-00'),(00566,01,00,'1979-00-00'),(00567,01,00,'1989-00-00'),(00568,01,00,'1917-00-00'),(00569,01,00,'1973-00-00'),(00570,01,00,'1974-00-00'),(00571,01,00,'1963-00-00'),(00572,01,00,'1987-00-00'),(00573,01,00,'1942-00-00'),(00574,01,00,'1988-00-00'),(00575,01,00,'1990-00-00'),(00576,01,00,'1981-00-00'),(00577,01,00,'1974-00-00'),(00578,01,00,'1962-00-00'),(00579,01,00,'1963-00-00'),(00580,01,00,'1986-00-00'),(00581,01,00,'1986-00-00'),(00582,01,00,'1984-00-00'),(00583,01,00,'1984-00-00'),(00584,01,00,'1989-00-00'),(00585,01,00,'1989-00-00'),(00586,01,00,'1975-00-00'),(00587,01,00,'1964-00-00'),(00588,01,00,'1986-00-00'),(00589,01,00,'1991-00-00'),(00590,01,00,'1975-00-00'),(00591,01,00,'1962-00-00'),(00592,01,00,'1984-00-00'),(00593,01,00,'1988-00-00'),(00594,01,00,'1986-00-00'),(00595,01,00,'1951-00-00'),(00596,01,00,'1985-00-00'),(00597,01,00,'1984-00-00'),(00598,01,00,'1977-00-00'),(00599,01,00,'1983-00-00'),(00600,01,00,'1986-00-00'),(00601,01,00,'1955-00-00'),(00602,01,00,'1989-00-00'),(00603,01,00,'1989-00-00'),(00604,01,00,'1989-00-00'),(00605,01,00,'1991-00-00'),(00606,01,00,'1990-00-00'),(00607,01,00,'1989-00-00'),(00608,01,00,'1954-00-00'),(00609,01,00,'1983-00-00'),(00610,01,00,'1979-00-00'),(00611,01,00,'1972-00-00'),(00612,01,00,'1917-00-00'),(00613,01,00,'1990-00-00'),(00614,01,00,'1986-00-00'),(00615,01,00,'1955-00-00'),(00616,01,00,'1897-00-00'),(00617,01,00,'1954-00-00'),(00618,01,00,'1991-00-00'),(00619,01,00,'1980-00-00'),(00620,01,00,'1981-00-00'),(00621,01,00,'1954-00-00'),(00622,01,00,'1951-00-00'),(00623,01,00,'1988-00-00'),(00624,01,00,'1987-00-00'),(00625,01,00,'1978-00-00'),(00626,01,00,'1981-00-00'),(00627,01,00,'1897-00-00'),(00628,01,00,'1955-00-00'),(00629,01,00,'1980-00-00'),(00630,01,00,'1988-00-00'),(00631,01,00,'1990-00-00'),(00632,01,00,'1974-00-00'),(00633,01,00,'1986-00-00'),(00634,01,00,'1979-00-00'),(00635,01,00,'1973-00-00'),(00636,01,00,'1985-00-00'),(00637,01,00,'1989-00-00'),(00638,01,00,'1989-00-00'),(00639,01,00,'1979-00-00'),(00640,01,00,'1991-00-00'),(00641,01,00,'1989-00-00'),(00642,01,00,'1990-00-00'),(00643,01,00,'1977-00-00'),(00644,01,00,'1977-00-00'),(00645,01,00,'1984-00-00'),(00646,01,00,'1917-00-00'),(00647,01,00,'1954-00-00'),(00648,01,00,'1983-00-00'),(00649,01,00,'1987-00-00'),(00650,01,00,'1954-00-00'),(00651,01,00,'1981-00-00'),(00652,01,00,'1984-00-00'),(00653,01,00,'1985-00-00'),(00654,01,00,'1989-00-00'),(00655,01,00,'1977-00-00'),(00656,01,00,'1986-00-00'),(00657,01,00,'1897-00-00'),(00658,01,00,'1951-00-00'),(00659,01,00,'1989-00-00'),(00660,01,00,'1980-00-00'),(00661,01,00,'1975-00-00'),(00662,01,00,'1983-00-00'),(00663,01,00,'1981-00-00'),(00664,01,00,'1987-00-00'),(00665,01,00,'1987-00-00'),(00666,01,00,'1975-00-00'),(00667,01,00,'1983-00-00'),(00668,01,00,'1963-00-00'),(00669,01,00,'1981-00-00'),(00670,01,00,'1988-00-00'),(00671,01,00,'1989-00-00'),(00672,01,00,'1981-00-00'),(00673,01,00,'1897-00-00'),(00674,01,00,'1955-00-00'),(00675,01,00,'1986-00-00'),(00676,01,00,'1978-00-00'),(00677,01,00,'1986-00-00'),(00678,01,00,'1983-00-00'),(00679,01,00,'1988-00-00'),(00680,01,00,'1989-00-00'),(00681,01,00,'1989-00-00'),(00682,01,00,'1944-00-00'),(00683,01,00,'1897-00-00'),(00684,01,00,'1988-00-00'),(00685,01,00,'1984-00-00'),(00686,01,00,'1980-00-00'),(00687,01,00,'1963-00-00'),(00688,01,00,'1976-00-00'),(00689,01,00,'1954-00-00'),(00690,01,00,'1972-00-00'),(00691,01,00,'1972-00-00'),(00692,01,00,'1972-00-00'),(00693,01,00,'1981-00-00'),(00694,01,00,'1942-00-00'),(00695,01,00,'1990-00-00'),(00696,01,00,'1987-00-00'),(00697,01,00,'1897-00-00'),(00698,01,00,'1989-00-00'),(00699,01,00,'1917-00-00'),(00700,01,00,'1988-00-00'),(00701,01,00,'1951-00-00'),(00702,01,00,'1954-00-00'),(00703,01,00,'1974-00-00'),(00704,01,00,'1958-00-00'),(00705,01,00,'1988-00-00'),(00706,01,00,'1991-00-00'),(00707,01,00,'1983-00-00'),(00708,01,00,'1985-00-00'),(00709,01,00,'1981-00-00'),(00710,01,00,'1951-00-00'),(00711,01,00,'1979-00-00'),(00712,01,00,'1989-00-00'),(00713,01,00,'1989-00-00'),(00714,01,00,'1897-00-00'),(00715,01,00,'1973-00-00'),(00716,01,00,'1963-00-00'),(00717,01,00,'1964-00-00'),(00718,01,00,'1988-00-00'),(00719,01,00,'1981-00-00'),(00720,01,00,'1989-00-00'),(00721,01,00,'1977-00-00'),(00722,01,00,'1984-00-00'),(00723,01,00,'1972-00-00'),(00724,01,00,'1986-00-00'),(00725,01,00,'1988-00-00'),(00726,01,00,'1983-00-00'),(00727,01,00,'1978-00-00'),(00728,01,00,'1962-00-00'),(00729,01,00,'1917-00-00'),(00730,01,00,'1954-00-00'),(00731,01,00,'1983-00-00'),(00732,01,00,'1978-00-00'),(00733,01,00,'1979-00-00'),(00734,01,00,'1986-00-00'),(00735,01,00,'1939-00-00'),(00736,01,00,'1962-00-00'),(00737,01,00,'1955-00-00'),(00738,01,00,'1981-00-00'),(00739,01,00,'1979-00-00'),(00740,01,00,'1981-00-00'),(00741,01,00,'1990-00-00'),(00742,01,00,'1989-00-00'),(00743,01,00,'1984-00-00'),(00744,01,00,'1897-00-00'),(00745,01,00,'1984-00-00'),(00746,01,00,'1973-00-00'),(00747,01,00,'1977-00-00'),(00748,01,00,'1951-00-00'),(00749,01,00,'1954-00-00'),(00750,01,00,'1984-00-00'),(00751,01,00,'1917-00-00'),(00752,01,00,'1991-00-00'),(00753,01,00,'1975-00-00'),(00754,01,00,'1989-00-00'),(00755,01,00,'1987-00-00'),(00756,01,00,'1978-00-00'),(00757,01,00,'1951-00-00'),(00758,01,00,'1977-00-00'),(00759,01,00,'1977-00-00'),(00760,01,00,'1989-00-00'),(00761,01,00,'1974-00-00'),(00762,01,00,'1983-00-00'),(00763,01,00,'1917-00-00'),(00764,01,00,'1959-00-00'),(00765,01,00,'1979-00-00'),(00766,01,00,'1973-00-00'),(00767,01,00,'1980-00-00'),(00768,01,00,'1972-00-00'),(00769,01,00,'1980-00-00'),(00770,01,00,'1986-00-00'),(00771,01,00,'1981-00-00'),(00772,01,00,'1983-00-00'),(00773,01,00,'1964-00-00'),(00774,01,00,'1990-00-00'),(00775,01,00,'1984-00-00'),(00776,01,00,'1981-00-00'),(00777,01,00,'1979-00-00'),(00778,01,00,'1984-00-00'),(00779,01,00,'1962-00-00'),(00780,01,00,'1963-00-00'),(00781,01,00,'1989-00-00'),(00782,01,00,'1975-00-00'),(00783,01,00,'1989-00-00'),(00784,01,00,'1964-00-00'),(00785,01,00,'1972-00-00'),(00786,01,00,'1989-00-00'),(00787,01,00,'1984-00-00'),(00788,01,00,'1988-00-00'),(00789,01,00,'1951-00-00'),(00790,01,00,'1989-00-00'),(00791,01,00,'1986-00-00'),(00792,01,00,'1973-00-00'),(00793,01,00,'1975-00-00'),(00794,01,00,'1978-00-00'),(00795,01,00,'1979-00-00'),(00796,01,00,'1972-00-00'),(00797,01,00,'1983-00-00'),(00798,01,00,'1984-00-00'),(00799,01,00,'1985-00-00'),(00800,01,00,'1897-00-00'),(00801,01,00,'1975-00-00'),(00802,01,00,'1974-00-00'),(00803,01,00,'1981-00-00'),(00804,01,00,'1987-00-00'),(00805,01,00,'1962-00-00'),(00806,01,00,'1963-00-00'),(00807,01,00,'1990-00-00'),(00808,01,00,'1977-00-00'),(00809,01,00,'1987-00-00'),(00810,01,00,'1982-00-00'),(00811,01,00,'1978-00-00'),(00812,01,00,'1951-00-00'),(00813,01,00,'1977-00-00'),(00814,01,00,'1990-00-00'),(00815,01,00,'1989-00-00'),(00816,01,00,'1951-00-00'),(00817,01,00,'1978-00-00'),(00818,01,00,'1989-00-00'),(00819,01,00,'1988-00-00'),(00820,01,00,'1984-00-00'),(00821,01,00,'1972-00-00'),(00822,01,00,'1972-00-00'),(00823,01,00,'1988-00-00'),(00824,01,00,'1991-00-00'),(00825,01,00,'1974-00-00'),(00826,01,00,'1981-00-00'),(00827,01,00,'1986-00-00'),(00828,01,00,'1897-00-00'),(00829,01,00,'1963-00-00'),(00830,01,00,'1986-00-00'),(00831,01,00,'1980-00-00'),(00832,01,00,'1991-00-00'),(00833,01,00,'1980-00-00'),(00834,01,00,'1988-00-00'),(00835,01,00,'1999-00-00'),(00836,01,00,'1984-00-00'),(00837,01,00,'1989-00-00'),(00838,01,00,'1991-00-00'),(00839,01,00,'1917-00-00'),(00840,01,00,'1973-00-00'),(00841,01,00,'1986-00-00'),(00842,01,00,'1917-00-00'),(00843,01,00,'1980-00-00'),(00844,01,00,'1973-00-00'),(00845,01,00,'1991-00-00'),(00846,01,00,'1987-00-00'),(00847,01,00,'1951-00-00'),(00848,01,00,'1991-00-00'),(00849,01,00,'1981-00-00'),(00850,01,00,'1983-00-00'),(00851,01,00,'1986-00-00'),(00852,01,00,'1897-00-00'),(00853,01,00,'1989-00-00'),(00854,01,00,'1984-00-00'),(00855,01,00,'1980-00-00'),(00856,01,00,'1991-00-00'),(00857,01,00,'1972-00-00'),(00858,01,00,'1986-00-00'),(00859,01,00,'1986-00-00'),(00860,01,00,'1988-00-00'),(00861,01,00,'1985-00-00'),(00862,01,00,'1981-00-00'),(00863,01,00,'1939-00-00'),(00864,01,00,'1990-00-00'),(00865,01,00,'1990-00-00'),(00866,01,00,'1991-00-00'),(00867,01,00,'1975-00-00'),(00868,01,00,'1985-00-00'),(00869,01,00,'1979-00-00'),(00870,01,00,'1986-00-00'),(00871,01,00,'1989-00-00'),(00872,01,00,'1977-00-00'),(00873,01,00,'1987-00-00'),(00874,01,00,'1942-00-00'),(00875,01,00,'1978-00-00'),(00876,01,00,'1988-00-00'),(00877,01,00,'1989-00-00'),(00878,01,00,'1973-00-00'),(00879,01,00,'1987-00-00'),(00880,01,00,'1991-00-00'),(00881,01,00,'1990-00-00'),(00882,01,00,'1988-00-00'),(00883,01,00,'1981-00-00'),(00884,01,00,'1986-00-00'),(00885,01,00,'1980-00-00'),(00886,01,00,'1962-00-00'),(00887,01,00,'1983-00-00'),(00888,01,00,'1986-00-00'),(00889,01,00,'1980-00-00'),(00890,01,00,'1991-00-00'),(00891,01,00,'1951-00-00'),(00892,01,00,'1982-00-00'),(00893,01,00,'1986-00-00'),(00894,01,00,'1963-00-00'),(00895,01,00,'1986-00-00'),(00896,01,00,'1954-00-00'),(00897,01,00,'1969-00-00'),(00898,01,00,'1978-00-00'),(00899,01,00,'1981-00-00'),(00900,01,00,'1987-00-00'),(00901,01,00,'1988-00-00'),(00902,01,00,'1982-00-00'),(00903,01,00,'1989-00-00'),(00904,01,00,'1989-00-00'),(00905,01,00,'1989-00-00'),(00906,01,00,'1976-00-00'),(00907,01,00,'1963-00-00'),(00908,01,00,'1991-00-00'),(00909,01,00,'1960-00-00'),(00910,01,00,'1981-00-00'),(00911,01,00,'1984-00-00'),(00912,01,00,'1955-00-00'),(00913,01,00,'1951-00-00'),(00914,01,00,'1897-00-00'),(00915,01,00,'1986-00-00'),(00916,01,00,'1987-00-00'),(00917,01,00,'1978-00-00'),(00918,01,00,'1983-00-00'),(00919,01,00,'1989-00-00'),(00920,01,00,'1955-00-00'),(00921,01,00,'1980-00-00'),(00922,01,00,'1917-00-00'),(00923,01,00,'1978-00-00'),(00924,01,00,'1981-00-00'),(00925,01,00,'1986-00-00'),(00926,01,00,'1989-00-00'),(00927,01,00,'1989-00-00'),(00928,01,00,'1986-00-00'),(00929,01,00,'1985-00-00'),(00930,01,00,'1984-00-00'),(00931,01,00,'1988-00-00'),(00932,01,00,'1985-00-00'),(00933,01,00,'1979-00-00'),(00934,01,00,'1975-00-00'),(00935,01,00,'1983-00-00'),(00936,01,00,'1975-00-00'),(00937,01,00,'1954-00-00'),(00938,01,00,'1983-00-00'),(00939,01,00,'1981-00-00'),(00940,01,00,'1939-00-00'),(00941,01,00,'1986-00-00'),(00942,01,00,'1983-00-00'),(00943,01,00,'1984-00-00'),(00944,01,00,'1978-00-00'),(00945,01,00,'1986-00-00'),(00946,01,00,'1963-00-00'),(00947,01,00,'1989-00-00'),(00948,01,00,'1988-00-00'),(00949,01,00,'1978-00-00'),(00950,01,00,'1991-00-00'),(00951,01,00,'1985-00-00'),(00952,01,00,'1975-00-00'),(00953,01,00,'1989-00-00'),(00954,01,00,'1987-00-00'),(00955,01,00,'1990-00-00'),(00956,01,00,'1917-00-00'),(00957,01,00,'1987-00-00'),(00958,01,00,'1990-00-00'),(00959,01,00,'1954-00-00'),(00960,01,00,'1962-00-00'),(00961,01,00,'1989-00-00'),(00962,01,00,'1983-00-00'),(00963,01,00,'1975-00-00'),(00964,01,00,'1990-00-00'),(00965,01,00,'1984-00-00'),(00966,01,00,'1975-00-00'),(00967,01,00,'1989-00-00'),(00968,01,00,'1979-00-00'),(00969,01,00,'1954-00-00'),(00970,01,00,'1954-00-00'),(00971,01,00,'1977-00-00'),(00972,01,00,'1962-00-00'),(00973,01,00,'1990-00-00'),(00974,01,00,'1988-00-00'),(00975,01,00,'1982-00-00'),(00976,01,00,'1984-00-00'),(00977,01,00,'1978-00-00'),(00978,01,00,'1987-00-00'),(00979,01,00,'1989-00-00'),(00980,01,00,'1980-00-00'),(00981,01,00,'1983-00-00'),(00982,01,00,'1989-00-00'),(00983,01,00,'1974-00-00'),(00984,01,00,'1988-00-00'),(00985,01,00,'1989-00-00'),(00986,01,00,'1990-00-00'),(00987,01,00,'1986-00-00'),(00988,01,00,'1963-00-00'),(00989,01,00,'1989-00-00'),(00990,01,00,'1975-00-00'),(00991,01,00,'1986-00-00'),(00992,01,00,'1989-00-00'),(00993,01,00,'1991-00-00'),(00994,01,00,'1990-00-00'),(00995,01,00,'1974-00-00'),(00996,01,00,'1989-00-00'),(00997,01,00,'1984-00-00'),(00998,01,00,'1984-00-00'),(00999,01,00,'1991-00-00'),(01000,01,00,'1989-00-00'),(01001,01,00,'1962-00-00'),(01002,01,00,'1954-00-00'),(01003,01,00,'1988-00-00'),(01004,01,00,'1979-00-00'),(01005,01,00,'1962-00-00'),(01006,01,00,'1977-00-00'),(01007,01,00,'1955-00-00'),(01008,01,00,'1981-00-00'),(01009,01,00,'1951-00-00'),(01010,01,00,'1986-00-00'),(01011,01,00,'1977-00-00'),(01012,01,00,'1975-00-00'),(01013,01,00,'1970-00-00'),(01014,01,00,'1989-00-00'),(01015,01,00,'1979-00-00'),(01016,01,00,'1974-00-00'),(01017,01,00,'1955-00-00'),(01018,01,00,'1985-00-00'),(01019,01,00,'1982-00-00'),(01020,01,00,'1980-00-00'),(01021,01,00,'1933-00-00'),(01022,01,00,'1972-00-00'),(01023,01,00,'1978-00-00'),(01024,01,00,'1984-00-00'),(01025,01,00,'1944-00-00'),(01026,01,00,'1972-00-00'),(01027,01,00,'1951-00-00'),(01028,01,00,'1988-00-00'),(01029,01,00,'1986-00-00'),(01030,01,00,'1977-00-00'),(01031,01,00,'1986-00-00'),(01032,01,00,'1989-00-00'),(01033,01,00,'1985-00-00'),(01034,01,00,'1973-00-00'),(01035,01,00,'1984-00-00'),(01036,01,00,'1990-00-00'),(01037,01,00,'1984-00-00'),(01038,01,00,'1989-00-00'),(01039,01,00,'1963-00-00'),(01040,01,00,'1976-00-00'),(01041,01,00,'1989-00-00'),(01042,01,00,'1954-00-00'),(01043,01,00,'1944-00-00'),(01044,01,00,'1951-00-00'),(01045,01,00,'1986-00-00'),(01046,01,00,'1989-00-00'),(01047,01,00,'1990-00-00'),(01048,01,00,'1986-00-00'),(01049,01,00,'1976-00-00'),(01050,01,00,'1987-00-00'),(01051,01,00,'1970-00-00'),(01052,01,00,'1957-00-00'),(01053,01,00,'1954-00-00'),(01054,01,00,'1977-00-00'),(01055,01,00,'1984-00-00'),(01056,01,00,'1975-00-00'),(01057,01,00,'1951-00-00'),(01058,01,00,'1986-00-00'),(01059,01,00,'1974-00-00'),(01060,01,00,'1991-00-00'),(01061,01,00,'1983-00-00'),(01062,01,00,'1987-00-00'),(01063,01,00,'1951-00-00'),(01064,01,00,'1984-00-00'),(01065,01,00,'1972-00-00'),(01066,01,00,'1972-00-00'),(01067,01,00,'1979-00-00'),(01068,01,00,'1990-00-00'),(01069,01,00,'1897-00-00'),(01070,01,00,'1954-00-00'),(01071,01,00,'1991-00-00'),(01072,01,00,'1980-00-00'),(01073,01,00,'1988-00-00'),(01074,01,00,'1981-00-00'),(01075,01,00,'1974-00-00'),(01076,01,00,'1989-00-00'),(01077,01,00,'1962-00-00'),(01078,01,00,'1989-00-00'),(01079,01,00,'1987-00-00'),(01080,01,00,'1897-00-00'),(01081,01,00,'1954-00-00'),(01082,01,00,'1984-00-00'),(01083,01,00,'1987-00-00'),(01084,01,00,'1988-00-00'),(01085,01,00,'1963-00-00'),(01086,01,00,'1988-00-00'),(01087,01,00,'1897-00-00'),(01088,01,00,'1983-00-00'),(01089,01,00,'1978-00-00'),(01090,01,00,'1990-00-00'),(01091,01,00,'1989-00-00'),(01092,01,00,'1951-00-00'),(01093,01,00,'1929-00-00'),(01094,01,00,'1955-00-00'),(01095,01,00,'1955-00-00'),(01096,01,00,'1980-00-00'),(01097,01,00,'1989-00-00'),(01098,01,00,'1977-00-00'),(01099,01,00,'1951-00-00'),(01100,01,00,'1984-00-00'),(01101,01,00,'1954-00-00'),(01102,01,00,'1981-00-00'),(01103,01,00,'1975-00-00'),(01104,01,00,'1987-00-00'),(01105,01,00,'1958-00-00'),(01106,01,00,'1963-00-00'),(01107,01,00,'1988-00-00'),(01108,01,00,'1951-00-00'),(01109,01,00,'1974-00-00'),(01110,01,00,'1981-00-00'),(01111,01,00,'1929-00-00'),(01112,01,00,'1977-00-00'),(01113,01,00,'1976-00-00'),(01114,01,00,'1988-00-00'),(01115,01,00,'1989-00-00'),(01116,01,00,'1963-00-00'),(01117,01,00,'1917-00-00'),(01118,01,00,'1973-00-00'),(01119,01,00,'1979-00-00'),(01120,01,00,'1979-00-00'),(01121,01,00,'1942-00-00'),(01122,01,00,'1972-00-00'),(01123,01,00,'1983-00-00'),(01124,01,00,'1979-00-00'),(01125,01,00,'1989-00-00'),(01126,01,00,'1985-00-00'),(01127,01,00,'1979-00-00'),(01128,01,00,'1991-00-00'),(01129,01,00,'1974-00-00'),(01130,01,00,'1979-00-00'),(01131,01,00,'1989-00-00'),(01132,01,00,'1977-00-00'),(01133,01,00,'1989-00-00'),(01134,01,00,'1977-00-00'),(01135,01,00,'1981-00-00'),(01136,01,00,'1957-00-00'),(01137,01,00,'1944-00-00'),(01138,01,00,'1977-00-00'),(01139,01,00,'1984-00-00'),(01140,01,00,'1951-00-00'),(01141,01,00,'1982-00-00'),(01142,01,00,'1917-00-00'),(01143,01,00,'1985-00-00'),(01144,01,00,'1942-00-00'),(01145,01,00,'1991-00-00'),(01146,01,00,'1974-00-00'),(01147,01,00,'1988-00-00'),(01148,01,00,'1990-00-00'),(01149,01,00,'1989-00-00'),(01150,01,00,'1989-00-00'),(01151,01,00,'1984-00-00'),(01152,01,00,'1951-00-00'),(01153,01,00,'1962-00-00'),(01154,01,00,'1975-00-00'),(01155,01,00,'1986-00-00'),(01156,01,00,'1982-00-00'),(01157,01,00,'1981-00-00'),(01158,01,00,'1962-00-00'),(01159,01,00,'1985-00-00'),(01160,01,00,'1987-00-00'),(01161,01,00,'1984-00-00'),(01162,01,00,'1974-00-00'),(01163,01,00,'1990-00-00'),(01164,01,00,'1897-00-00'),(01165,01,00,'1897-00-00'),(01166,01,00,'1990-00-00'),(01167,01,00,'1951-00-00'),(01168,01,00,'1981-00-00'),(01169,01,00,'1958-00-00'),(01170,01,00,'1990-00-00'),(01171,01,00,'1973-00-00'),(01172,01,00,'1962-00-00'),(01173,01,00,'1962-00-00'),(01174,01,00,'1897-00-00'),(01175,01,00,'1975-00-00'),(01176,01,00,'1954-00-00'),(01177,01,00,'1957-00-00'),(01178,01,00,'1987-00-00'),(01179,01,00,'1989-00-00'),(01180,01,00,'1979-00-00'),(01181,01,00,'1988-00-00'),(01182,01,00,'1989-00-00'),(01183,01,00,'1974-00-00'),(01184,01,00,'1973-00-00'),(01185,01,00,'1942-00-00'),(01186,01,00,'1984-00-00'),(01187,01,00,'1988-00-00'),(01188,01,00,'1977-00-00'),(01189,01,00,'1990-00-00'),(01190,01,00,'1987-00-00'),(01191,01,00,'1983-00-00'),(01192,01,00,'1972-00-00'),(01193,01,00,'1977-00-00'),(01194,01,00,'1990-00-00'),(01195,01,00,'1989-00-00'),(01196,01,00,'1984-00-00'),(01197,01,00,'1972-00-00'),(01198,01,00,'1897-00-00'),(01199,01,00,'1951-00-00'),(01200,01,00,'1986-00-00'),(01201,01,00,'1954-00-00'),(01202,01,00,'1954-00-00'),(01203,01,00,'1959-00-00'),(01204,01,00,'1988-00-00'),(01205,01,00,'1951-00-00'),(01206,01,00,'1973-00-00'),(01207,01,00,'1954-00-00'),(01208,01,00,'1986-00-00'),(01209,01,00,'1988-00-00'),(01210,01,00,'1990-00-00'),(01211,01,00,'1989-00-00'),(01212,01,00,'1987-00-00'),(01213,01,00,'1987-00-00'),(01214,01,00,'1986-00-00'),(01215,01,00,'1984-00-00'),(01216,01,00,'1954-00-00'),(01217,01,00,'1989-00-00'),(01218,01,00,'1975-00-00'),(01219,01,00,'1963-00-00'),(01220,01,00,'1917-00-00'),(01221,01,00,'1990-00-00'),(01222,01,00,'1955-00-00'),(01223,01,00,'1986-00-00'),(01224,01,00,'1984-00-00'),(01225,01,00,'1986-00-00'),(01226,01,00,'1986-00-00'),(01227,01,00,'1954-00-00'),(01228,01,00,'1974-00-00'),(01229,01,00,'1991-00-00'),(01230,01,00,'1990-00-00'),(01231,01,00,'1972-00-00'),(01232,01,00,'1986-00-00'),(01233,01,00,'1989-00-00'),(01234,01,00,'1986-00-00'),(01235,01,00,'1981-00-00'),(01236,01,00,'1981-00-00'),(01237,01,00,'1951-00-00'),(01238,01,00,'1955-00-00'),(01239,01,00,'1988-00-00'),(01240,01,00,'1975-00-00'),(01241,01,00,'1986-00-00'),(01242,01,00,'1981-00-00'),(01243,01,00,'1985-00-00'),(01244,01,00,'1951-00-00'),(01245,01,00,'1990-00-00'),(01246,01,00,'1958-00-00'),(01247,01,00,'1985-00-00'),(01248,01,00,'1990-00-00'),(01249,01,00,'1984-00-00'),(01250,01,00,'1988-00-00'),(01251,01,00,'1974-00-00'),(01252,01,00,'1977-00-00'),(01253,01,00,'1981-00-00'),(01254,01,00,'1972-00-00'),(01255,01,00,'1986-00-00'),(01256,01,00,'1989-00-00'),(01257,01,00,'1975-00-00'),(01258,01,00,'1989-00-00'),(01259,01,00,'1951-00-00'),(01260,01,00,'1951-00-00'),(01261,01,00,'1978-00-00'),(01262,01,00,'1897-00-00'),(01263,01,00,'1989-00-00'),(01264,01,00,'1986-00-00'),(01265,01,00,'1984-00-00'),(01266,01,00,'1980-00-00'),(01267,01,00,'1983-00-00'),(01268,01,00,'1975-00-00'),(01269,01,00,'1969-00-00'),(01270,01,00,'1963-00-00'),(01271,01,00,'1990-00-00'),(01272,01,00,'1962-00-00'),(01273,01,00,'1982-00-00'),(01274,01,00,'1983-00-00'),(01275,01,00,'1983-00-00'),(01276,01,00,'1975-00-00'),(01277,01,00,'1973-00-00'),(01278,01,00,'1986-00-00'),(01279,01,00,'1973-00-00'),(01280,01,00,'1981-00-00'),(01281,01,00,'1983-00-00'),(01282,01,00,'1979-00-00'),(01283,01,00,'1977-00-00'),(01284,01,00,'1897-00-00'),(01285,01,00,'1951-00-00'),(01286,01,00,'1987-00-00'),(01287,01,00,'1954-00-00'),(01288,01,00,'1951-00-00'),(01289,01,00,'1951-00-00'),(01290,01,00,'1954-00-00'),(01291,01,00,'1963-00-00'),(01292,01,00,'0000-00-00'),(01293,01,00,'1981-00-00'),(01294,01,00,'1988-00-00'),(01295,01,00,'1989-00-00'),(01296,01,00,'1979-00-00'),(01297,01,00,'1897-00-00'),(01298,01,00,'1979-00-00'),(01299,01,00,'1983-00-00'),(01300,01,00,'1989-00-00'),(01301,01,00,'1985-00-00'),(01302,01,00,'1917-00-00'),(01303,01,00,'1942-00-00'),(01304,01,00,'1981-00-00'),(01305,01,00,'1981-00-00'),(01306,01,00,'1963-00-00'),(01307,01,00,'1962-00-00'),(01308,01,00,'1984-00-00'),(01309,01,00,'1974-00-00'),(01310,01,00,'1987-00-00'),(01311,01,00,'1977-00-00'),(01312,01,00,'1983-00-00'),(01313,01,00,'1983-00-00'),(01314,01,00,'1990-00-00'),(01315,01,00,'1989-00-00'),(01316,01,00,'1975-00-00'),(01317,01,00,'1985-00-00'),(01318,01,00,'1986-00-00'),(01319,01,00,'1991-00-00'),(01320,01,00,'1977-00-00'),(01321,01,00,'1989-00-00'),(01322,01,00,'1970-00-00'),(01323,01,00,'1979-00-00'),(01324,01,00,'1983-00-00'),(01325,01,00,'1986-00-00'),(01326,01,00,'1989-00-00'),(01327,01,00,'1983-00-00'),(01328,01,00,'1897-00-00'),(01329,01,00,'1975-00-00'),(01330,01,00,'1983-00-00'),(01331,01,00,'1984-00-00'),(01332,01,00,'1981-00-00'),(01333,01,00,'1979-00-00'),(01334,01,00,'1989-00-00'),(01335,01,00,'1972-00-00'),(01336,01,00,'1974-00-00'),(01337,01,00,'1991-00-00'),(01338,01,00,'1897-00-00'),(01339,01,00,'1979-00-00'),(01340,01,00,'1969-00-00'),(01341,01,00,'1986-00-00'),(01342,01,00,'1983-00-00'),(01343,01,00,'1989-00-00'),(01344,01,00,'1974-00-00'),(01345,01,00,'1989-00-00'),(01346,01,00,'1988-00-00'),(01347,01,00,'1989-00-00'),(01348,01,00,'1975-00-00'),(01349,01,00,'1969-00-00'),(01350,01,00,'1975-00-00'),(01351,01,00,'1960-00-00'),(01352,01,00,'1989-00-00'),(01353,01,00,'1989-00-00'),(01354,01,00,'1980-00-00'),(01355,01,00,'1990-00-00'),(01356,01,00,'1989-00-00'),(01357,01,00,'1981-00-00'),(01358,01,00,'1981-00-00'),(01359,01,00,'1984-00-00'),(01360,01,00,'1983-00-00'),(01361,01,00,'1985-00-00'),(01362,01,00,'1984-00-00'),(01363,01,00,'1951-00-00'),(01364,01,00,'1983-00-00'),(01365,01,00,'1985-00-00'),(01366,01,00,'1988-00-00'),(01367,01,00,'1973-00-00'),(01368,01,00,'1980-00-00'),(01369,01,00,'1987-00-00'),(01370,01,00,'1990-00-00'),(01371,01,00,'1972-00-00'),(01372,01,00,'1983-00-00'),(01373,01,00,'1972-00-00'),(01374,01,00,'1981-00-00'),(01375,01,00,'1960-00-00'),(01376,01,00,'1986-00-00'),(01377,01,00,'1985-00-00'),(01378,01,00,'1974-00-00'),(01379,01,00,'1963-00-00'),(01380,01,00,'1989-00-00'),(01381,01,00,'1951-00-00'),(01382,01,00,'1990-00-00'),(01383,01,00,'1975-00-00'),(01384,01,00,'1974-00-00'),(01385,01,00,'1985-00-00'),(01386,01,00,'1983-00-00'),(01387,01,00,'1984-00-00'),(01388,01,00,'1970-00-00'),(01389,01,00,'1954-00-00'),(01390,01,00,'1954-00-00'),(01391,01,00,'1944-00-00'),(01392,01,00,'1942-00-00'),(01393,01,00,'1988-00-00'),(01394,01,00,'1991-00-00'),(01395,01,00,'1942-00-00'),(01396,01,00,'1985-00-00'),(01397,01,00,'1984-00-00'),(01398,01,00,'1991-00-00'),(01399,01,00,'1983-00-00'),(01400,01,00,'1974-00-00'),(01401,01,00,'1988-00-00'),(01402,01,00,'1897-00-00'),(01403,01,00,'1989-00-00'),(01404,01,00,'1987-00-00'),(01405,01,00,'1982-00-00'),(01406,01,00,'1988-00-00'),(01407,01,00,'1975-00-00'),(01408,01,00,'1991-00-00'),(01409,01,00,'1986-00-00'),(01410,01,00,'1974-00-00'),(01411,01,00,'1986-00-00'),(01412,01,00,'1963-00-00'),(01413,01,00,'1983-00-00'),(01414,01,00,'1983-00-00'),(01415,01,00,'1983-00-00'),(01416,01,00,'1986-00-00'),(01417,01,00,'1987-00-00'),(01418,01,00,'1983-00-00'),(01419,01,00,'1987-00-00'),(01420,01,00,'1985-00-00'),(01421,01,00,'1954-00-00'),(01422,01,00,'1897-00-00'),(01423,01,00,'1917-00-00'),(01424,01,00,'1974-00-00'),(01425,01,00,'1964-00-00'),(01426,01,00,'1986-00-00'),(01427,01,00,'1984-00-00'),(01428,01,00,'1989-00-00'),(01429,01,00,'1988-00-00'),(01430,01,00,'1984-00-00'),(01431,01,00,'1980-00-00'),(01432,01,00,'1986-00-00'),(01433,01,00,'1990-00-00'),(01434,01,00,'1989-00-00'),(01435,01,00,'1979-00-00'),(01436,01,00,'1951-00-00'),(01437,01,00,'1974-00-00'),(01438,01,00,'1975-00-00'),(01439,01,00,'1985-00-00'),(01440,01,00,'1983-00-00'),(01441,01,00,'1981-00-00'),(01442,01,00,'1929-00-00'),(01443,01,00,'1980-00-00'),(01444,01,00,'1980-00-00'),(01445,01,00,'1982-00-00'),(01446,01,00,'1981-00-00'),(01447,01,00,'1962-00-00'),(01448,01,00,'1984-00-00'),(01449,01,00,'1990-00-00'),(01450,01,00,'1983-00-00'),(01451,01,00,'1951-00-00'),(01452,01,00,'1978-00-00'),(01453,01,00,'1954-00-00'),(01454,01,00,'1984-00-00'),(01455,01,00,'1984-00-00'),(01456,01,00,'1989-00-00'),(01457,01,00,'1990-00-00'),(01458,01,00,'1954-00-00'),(01459,01,00,'1951-00-00'),(01460,01,00,'1988-00-00'),(01461,01,00,'1984-00-00'),(01462,01,00,'1974-00-00'),(01463,01,00,'1954-00-00'),(01464,01,00,'1989-00-00'),(01465,01,00,'1955-00-00'),(01466,01,00,'1986-00-00'),(01467,01,00,'1984-00-00'),(01468,01,00,'1962-00-00'),(01469,01,00,'1989-00-00'),(01470,01,00,'1983-00-00'),(01471,01,00,'1989-00-00'),(01472,01,00,'1954-00-00'),(01473,01,00,'1991-00-00'),(01474,01,00,'1986-00-00'),(01475,01,00,'1973-00-00'),(01476,01,00,'1983-00-00'),(01477,01,00,'1989-00-00'),(01478,01,00,'1984-00-00'),(01479,01,00,'1983-00-00'),(01480,01,00,'1984-00-00'),(01481,01,00,'1973-00-00'),(01482,01,00,'1990-00-00'),(01483,01,00,'1989-00-00'),(01484,01,00,'1988-00-00'),(01485,01,00,'1984-00-00'),(01486,01,00,'1989-00-00'),(01487,01,00,'1979-00-00'),(01488,01,00,'1982-00-00'),(01489,01,00,'1986-00-00'),(01490,01,00,'1990-00-00'),(01491,01,00,'1991-00-00'),(01492,01,00,'1986-00-00'),(01493,01,00,'1987-00-00'),(01494,01,00,'1917-00-00'),(01495,01,00,'1954-00-00'),(01496,01,00,'1986-00-00'),(01497,01,00,'1988-00-00'),(01498,01,00,'1972-00-00'),(01499,01,00,'1897-00-00'),(01500,01,00,'1974-00-00'),(01501,01,00,'1989-00-00'),(01502,01,00,'1990-00-00'),(01503,01,00,'1986-00-00'),(01504,01,00,'1989-00-00'),(01505,01,00,'1917-00-00'),(01506,01,00,'1978-00-00'),(01507,01,00,'1981-00-00'),(01508,01,00,'1973-00-00'),(01509,01,00,'1954-00-00'),(01510,01,00,'1986-00-00'),(01511,01,00,'1989-00-00'),(01512,01,00,'1989-00-00'),(01513,01,00,'1981-00-00'),(01514,01,00,'1986-00-00'),(01515,01,00,'1897-00-00'),(01516,01,00,'1964-00-00'),(01517,01,00,'1981-00-00'),(01518,01,00,'1989-00-00'),(01519,01,00,'1977-00-00'),(01520,01,00,'1955-00-00'),(01521,01,00,'1986-00-00'),(01522,01,00,'1989-00-00'),(01523,01,00,'1975-00-00'),(01524,01,00,'1990-00-00'),(01525,01,00,'1991-00-00'),(01526,01,00,'1981-00-00'),(01527,01,00,'1955-00-00'),(01528,01,00,'1986-00-00'),(01529,01,00,'1987-00-00'),(01530,01,00,'1954-00-00'),(01531,01,00,'1989-00-00'),(01532,01,00,'1987-00-00'),(01533,01,00,'1951-00-00'),(01534,01,00,'1917-00-00'),(01535,01,00,'1991-00-00'),(01536,01,00,'1990-00-00'),(01537,01,00,'1986-00-00'),(01538,01,00,'1978-00-00'),(01539,01,00,'1984-00-00'),(01540,01,00,'1974-00-00'),(01541,01,00,'1984-00-00'),(01542,01,00,'1986-00-00'),(01543,01,00,'1942-00-00'),(01544,01,00,'1951-00-00'),(01545,01,00,'1974-00-00'),(01546,01,00,'1984-00-00'),(01547,01,00,'1982-00-00'),(01548,01,00,'1962-00-00'),(01549,01,00,'1986-00-00'),(01550,01,00,'1974-00-00'),(01551,01,00,'1989-00-00');
/*!40000 ALTER TABLE `book_copy_details` ENABLE KEYS */;
UNLOCK TABLES;

--
-- Table structure for table `book_details`
--

DROP TABLE IF EXISTS `book_details`;
/*!40101 SET @saved_cs_client     = @@character_set_client */;
/*!40101 SET character_set_client = utf8 */;
CREATE TABLE `book_details` (
  `book_id` int(5) unsigned zerofill NOT NULL AUTO_INCREMENT,
  `title_id` int(5) unsigned zerofill DEFAULT NULL,
  `author_id` int(5) unsigned zerofill DEFAULT NULL,
  `publisher_id` int(5) unsigned zerofill DEFAULT NULL,
  `subject_id` int(5) unsigned zerofill DEFAULT NULL,
  PRIMARY KEY (`book_id`),
  KEY `author_id_fk` (`author_id`),
  KEY `title_id_fk` (`title_id`),
  KEY `sub_id_fk` (`subject_id`),
  KEY `pub_id_fk` (`publisher_id`),
  CONSTRAINT `author_id_fk` FOREIGN KEY (`author_id`) REFERENCES `author` (`author_id`) ON DELETE CASCADE ON UPDATE CASCADE,
  CONSTRAINT `pub_id_fk` FOREIGN KEY (`publisher_id`) REFERENCES `publisher` (`pub_id`),
  CONSTRAINT `sub_id_fk` FOREIGN KEY (`subject_id`) REFERENCES `subject` (`subject_id`) ON DELETE CASCADE ON UPDATE CASCADE,
  CONSTRAINT `title_id_fk` FOREIGN KEY (`title_id`) REFERENCES `book_title` (`title_id`) ON DELETE CASCADE ON UPDATE CASCADE
) ENGINE=InnoDB AUTO_INCREMENT=18 DEFAULT CHARSET=utf8;
/*!40101 SET character_set_client = @saved_cs_client */;

--
-- Dumping data for table `book_details`
--

LOCK TABLES `book_details` WRITE;
/*!40000 ALTER TABLE `book_details` DISABLE KEYS */;
INSERT INTO `book_details` VALUES (00014,00015,00008,00008,00008),(00015,00013,00011,00016,00013),(00016,00010,00010,00010,00012),(00017,00014,00012,00017,00014);
/*!40000 ALTER TABLE `book_details` ENABLE KEYS */;
UNLOCK TABLES;
/*!50003 SET @saved_cs_client      = @@character_set_client */ ;
/*!50003 SET @saved_cs_results     = @@character_set_results */ ;
/*!50003 SET @saved_col_connection = @@collation_connection */ ;
/*!50003 SET character_set_client  = utf8 */ ;
/*!50003 SET character_set_results = utf8 */ ;
/*!50003 SET collation_connection  = utf8_general_ci */ ;
/*!50003 SET @saved_sql_mode       = @@sql_mode */ ;
/*!50003 SET sql_mode              = '' */ ;
DELIMITER ;;
/*!50003 CREATE*/ /*!50017 DEFINER=`root`@`localhost`*/ /*!50003 TRIGGER del_book_details_nest_trig AFTER DELETE ON book_details
    FOR EACH ROW BEGIN 
DELETE from author
where author_id NOT IN (SELECT author_id from book_details);
DELETE from publisher
where pub_id NOT IN (SELECT publisher_id from book_details);
DELETE from subject
where subject_id NOT IN (SELECT subject_id from book_details);
DELETE from book_title
where title_id NOT IN (SELECT title_id from book_details);
END */;;
DELIMITER ;
/*!50003 SET sql_mode              = @saved_sql_mode */ ;
/*!50003 SET character_set_client  = @saved_cs_client */ ;
/*!50003 SET character_set_results = @saved_cs_results */ ;
/*!50003 SET collation_connection  = @saved_col_connection */ ;

--
-- Table structure for table `book_issue_details`
--

DROP TABLE IF EXISTS `book_issue_details`;
/*!40101 SET @saved_cs_client     = @@character_set_client */;
/*!40101 SET character_set_client = utf8 */;
CREATE TABLE `book_issue_details` (
  `book_id` int(5) unsigned zerofill DEFAULT NULL,
  `copy_no` int(2) unsigned zerofill DEFAULT NULL,
  `person_id` varchar(7) NOT NULL,
  `issue_date` date DEFAULT NULL,
  `expiry_date` date DEFAULT NULL,
  `return_date` date DEFAULT NULL,
  `late_days` int(4) DEFAULT NULL,
  `fine` int(5) unsigned zerofill NOT NULL DEFAULT '00000'
) ENGINE=InnoDB DEFAULT CHARSET=utf8;
/*!40101 SET character_set_client = @saved_cs_client */;

--
-- Dumping data for table `book_issue_details`
--

LOCK TABLES `book_issue_details` WRITE;
/*!40000 ALTER TABLE `book_issue_details` DISABLE KEYS */;
INSERT INTO `book_issue_details` VALUES (00001,02,'LU15002','2015-05-15','2015-05-20','2015-05-22',2,00020),(00017,03,'LU15004','2015-05-25','2015-05-22','2015-05-25',3,00030),(00017,02,'LU15003','2015-05-11','2015-05-26','2015-05-21',-5,00000),(00017,02,'LU15003','2015-05-25','2015-05-30',NULL,-5,00000),(00017,04,'LU15003','2015-05-25','2015-05-30',NULL,-5,00000),(00017,01,'LU15003','2015-05-25','2015-05-30','2015-05-25',-5,00000),(00015,01,'LU15001','2015-05-25','2015-06-04',NULL,-10,00000),(00017,05,'LU15001','2015-05-25','2015-06-04','2015-05-25',-10,00000),(00017,06,'LU15001','2015-05-25','2015-06-04','2015-05-25',-10,00000),(00017,01,'LU15001','2015-05-25','2015-06-04',NULL,-10,00000);
/*!40000 ALTER TABLE `book_issue_details` ENABLE KEYS */;
UNLOCK TABLES;

--
-- Table structure for table `book_title`
--

DROP TABLE IF EXISTS `book_title`;
/*!40101 SET @saved_cs_client     = @@character_set_client */;
/*!40101 SET character_set_client = utf8 */;
CREATE TABLE `book_title` (
  `title_id` int(5) unsigned zerofill NOT NULL AUTO_INCREMENT,
  `title` varchar(150) DEFAULT NULL,
  PRIMARY KEY (`title_id`),
  UNIQUE KEY `title_uk` (`title`)
) ENGINE=InnoDB AUTO_INCREMENT=16 DEFAULT CHARSET=utf8;
/*!40101 SET character_set_client = @saved_cs_client */;

--
-- Dumping data for table `book_title`
--

LOCK TABLES `book_title` WRITE;
/*!40000 ALTER TABLE `book_title` DISABLE KEYS */;
INSERT INTO `book_title` VALUES (00015,'c--'),(00013,'CALCULUS'),(00014,'INTRO TO COMPUTING'),(00010,'JAVA CORE');
/*!40000 ALTER TABLE `book_title` ENABLE KEYS */;
UNLOCK TABLES;

--
-- Temporary table structure for view `book_uv`
--

DROP TABLE IF EXISTS `book_uv`;
/*!50001 DROP VIEW IF EXISTS `book_uv`*/;
SET @saved_cs_client     = @@character_set_client;
SET character_set_client = utf8;
/*!50001 CREATE TABLE `book_uv` (
  `book_id` tinyint NOT NULL,
  `ISBN` tinyint NOT NULL,
  `publication_date` tinyint NOT NULL,
  `Edition` tinyint NOT NULL,
  `title` tinyint NOT NULL,
  `author_name` tinyint NOT NULL,
  `subject_name` tinyint NOT NULL,
  `publisher_name` tinyint NOT NULL,
  `copies` tinyint NOT NULL
) ENGINE=MyISAM */;
SET character_set_client = @saved_cs_client;

--
-- Table structure for table `bookss`
--

DROP TABLE IF EXISTS `bookss`;
/*!40101 SET @saved_cs_client     = @@character_set_client */;
/*!40101 SET character_set_client = utf8 */;
CREATE TABLE `bookss` (
  `book_id` int(5) unsigned zerofill NOT NULL AUTO_INCREMENT,
  `copies` int(2) unsigned zerofill NOT NULL DEFAULT '01',
  `ISBN` bigint(20) unsigned NOT NULL,
  PRIMARY KEY (`book_id`),
  UNIQUE KEY `isbn_uk` (`ISBN`)
) ENGINE=InnoDB AUTO_INCREMENT=1552 DEFAULT CHARSET=utf8;
/*!40101 SET character_set_client = @saved_cs_client */;

--
-- Dumping data for table `bookss`
--

LOCK TABLES `bookss` WRITE;
/*!40000 ALTER TABLE `bookss` DISABLE KEYS */;
INSERT INTO `bookss` VALUES (00003,02,4846860404950),(00005,01,4368454578166),(00006,06,1850444601998),(00007,04,9327890265339),(00008,04,6967300064627),(00009,04,7330599347088),(00010,04,4672773121212),(00011,04,3098403202324),(00012,04,1805069328375),(00013,04,7430671546395),(00014,04,8681545290991),(00015,04,6468392503666),(00016,01,7628035302680),(00017,01,4128801495737),(00018,01,9068441602705),(00019,01,7690766216242),(00020,01,4021641458754),(00021,01,9804990243287),(00022,01,7487716793780),(00023,01,4779574336660),(00024,01,7615866507422),(00025,01,3538725915793),(00026,01,5663657515610),(00027,01,2442862389730),(00028,01,3404637019510),(00029,01,5780354506662),(00030,01,4668483898392),(00031,01,9558169984137),(00032,01,5615486145022),(00033,01,6802327489467),(00034,01,9685231128953),(00035,01,1874762324078),(00036,01,2693794999063),(00037,01,8481556484053),(00038,01,7954171747437),(00039,01,8256416066872),(00040,01,9866879896983),(00041,01,3362987836578),(00042,01,7631059135852),(00043,01,5185006055990),(00044,01,2108481720193),(00045,01,3847214883080),(00046,01,7040628525260),(00047,01,2063177452008),(00048,01,5106161945063),(00049,01,9339783637039),(00050,01,9001066213370),(00051,01,2119958946577),(00052,01,7977434985920),(00053,01,8608847710306),(00054,01,7462375850232),(00055,01,3044000363348),(00056,01,8941100017949),(00057,01,2457295283108),(00058,01,6685113251840),(00059,01,8098562012853),(00060,01,4366064081853),(00061,01,4858962909461),(00062,01,6241028289345),(00063,01,9415960080350),(00064,01,3297455790919),(00065,01,4791178837898),(00066,01,9926401285294),(00067,01,9997797269849),(00068,01,1340167745425),(00069,01,1475121527397),(00070,01,7709538626466),(00071,01,4829830498491),(00072,01,5029250350669),(00073,01,9055738794971),(00074,01,9538889540555),(00075,01,8341654616938),(00076,01,9875104430938),(00077,01,8654396641331),(00078,01,1398864454489),(00079,01,9734058521127),(00080,01,2577869236412),(00081,01,9919023488815),(00082,01,5542287404185),(00083,01,9903987021703),(00084,01,1791398905233),(00085,01,1455241417235),(00086,01,7369229928214),(00087,01,2367955022832),(00088,01,4009476391422),(00089,01,4055859571178),(00090,01,5536275852976),(00091,01,2416835364824),(00092,01,9953829616189),(00093,01,7496357681072),(00094,01,6909286607397),(00095,01,7711049395185),(00096,01,5484658344192),(00097,01,6070330645502),(00098,01,6340289354545),(00099,01,2978234121653),(00100,01,4263841199885),(00101,01,7025133986528),(00102,01,1948113538916),(00103,01,7674857946038),(00104,01,9599213763068),(00105,01,9007925642956),(00106,01,7128628855186),(00107,01,2644042368546),(00108,01,5447470069417),(00109,01,4000295504870),(00110,01,3820826823955),(00111,01,8813448272193),(00112,01,4432256219210),(00113,01,5944932059170),(00114,01,4413615079176),(00115,01,3543518953488),(00116,01,5238757882268),(00117,01,2973864941836),(00118,01,6543567468680),(00119,01,2440922046780),(00120,01,6409281943122),(00121,01,9534556352102),(00122,01,5503420933502),(00123,01,1765640790747),(00124,01,1294222733558),(00125,01,8307727167224),(00126,01,9798008723458),(00127,01,6359064375087),(00128,01,6360111232087),(00129,01,1574924991934),(00130,01,5296609917541),(00131,01,7332000338612),(00132,01,8005234099715),(00133,01,7653609934520),(00134,01,4280536117846),(00135,01,3948797858670),(00136,01,6893008510951),(00137,01,1326273490290),(00138,01,1215885348621),(00139,01,4686417501458),(00140,01,1327142736453),(00141,01,4682708381271),(00142,01,4223468806547),(00143,01,5533858161174),(00144,01,6117623926361),(00145,01,8121197203846),(00146,01,2599961753886),(00147,01,1549078544859),(00148,01,5494546450531),(00149,01,6654566971067),(00150,01,9279202356898),(00151,01,9536603483524),(00152,01,6962086684616),(00153,01,3463641886825),(00154,01,4778684293153),(00155,01,1874572740616),(00156,01,8435530381083),(00157,01,4694115002170),(00158,01,1244027087664),(00159,01,4129755643380),(00160,01,1376853337571),(00161,01,6833580851528),(00162,01,8830678887586),(00163,01,9760046066245),(00164,01,6697142285399),(00165,01,3317644387309),(00166,01,4436372285458),(00167,01,6906094081439),(00168,01,2574288296164),(00169,01,3187423673981),(00170,01,2909994583947),(00171,01,8970669325530),(00172,01,8047907893288),(00173,01,1636707849251),(00174,01,2756007163574),(00175,01,2310693846641),(00176,01,1348462017621),(00177,01,7964223457518),(00178,01,7187011376762),(00179,01,7158764272761),(00180,01,1800769880809),(00181,01,5323869500066),(00182,01,9997726688524),(00183,01,9572073703632),(00184,01,8310886958112),(00185,01,9625918293498),(00186,01,1419992564150),(00187,01,7039390624386),(00188,01,9584917234201),(00189,01,7561234853589),(00190,01,4059155865196),(00191,01,4026866253452),(00192,01,5203495759695),(00193,01,8644475443320),(00194,01,7753918451750),(00195,01,1900236506392),(00196,01,9532402025112),(00197,01,7815027838229),(00198,01,3993411276193),(00199,01,2378134499135),(00200,01,7718938146122),(00201,01,1895815498683),(00202,01,3149555871952),(00203,01,7597479781356),(00204,01,3468041448368),(00205,01,3994259194971),(00206,01,3291886216035),(00207,01,6817446130968),(00208,01,7311024855506),(00209,01,2818273729913),(00210,01,9802092850866),(00211,01,7659356960287),(00212,01,4817654988771),(00213,01,7854980559372),(00214,01,3242365560156),(00215,01,7462545249309),(00216,01,9083132836082),(00217,01,5199547356462),(00218,01,4274523462964),(00219,01,5233594186671),(00220,01,2833073807152),(00221,01,4659914626125),(00222,01,4555953221346),(00223,01,7225687641149),(00224,01,2517329062903),(00225,01,2422616493213),(00226,01,8022012762784),(00227,01,4179432321066),(00228,01,8189316666177),(00229,01,4649807197872),(00230,01,2413094180528),(00231,01,4440080264210),(00232,01,8294734502263),(00233,01,9962063094384),(00234,01,5025168633267),(00235,01,6843302958032),(00236,01,5442445876660),(00237,01,3901190367145),(00238,01,5800198423919),(00239,01,4847282159401),(00240,01,4294547966035),(00241,01,9024027556486),(00242,01,7687860270776),(00243,01,9291374689584),(00244,01,7738974027814),(00245,01,2542518333919),(00246,01,3294641509307),(00247,01,2633741730845),(00248,01,2445855569207),(00249,01,5578927798217),(00250,01,4813307649972),(00251,01,8167406708468),(00252,01,6784190756799),(00253,01,1294453238076),(00254,01,1249221216365),(00255,01,4486795259228),(00256,01,8163640765948),(00257,01,9886180870673),(00258,01,5451903944797),(00259,01,3453513701053),(00260,01,8723817456975),(00261,01,2727769635405),(00262,01,2663576587173),(00263,01,3945113656718),(00264,01,4997463836711),(00265,01,2462984769246),(00266,01,7190902066078),(00267,01,1762051362250),(00268,01,4823106598602),(00269,01,4813894234950),(00270,01,8676418555609),(00271,01,4854840920539),(00272,01,2573570082770),(00273,01,1910347708505),(00274,01,2914154724345),(00275,01,2935584308279),(00276,01,5492180533639),(00277,01,6487723106018),(00310,01,3543488538571),(00311,01,9552148022472),(00312,01,1144143335149),(00313,01,8115248532956),(00314,01,8731861799525),(00315,01,8856518452475),(00316,01,3779890774989),(00317,01,9921568789084),(00318,01,9555212352323),(00319,01,6824805729684),(00320,01,9623746318117),(00321,01,5563391125891),(00322,01,6986733369860),(00323,01,8537526808795),(00324,01,5068050372979),(00325,01,6397956654772),(00326,01,6967653185016),(00327,01,4234950130475),(00328,01,4893206139348),(00329,01,2236407823484),(00330,01,8956982455123),(00331,01,9061476223709),(00332,01,9645303972429),(00333,01,1886505897643),(00334,01,6831921615860),(00335,01,2793315577753),(00336,01,3606914874502),(00337,01,7734146299951),(00338,01,6623291377711),(00339,01,3500993804682),(00340,01,1247027945652),(00341,01,2742817474448),(00342,01,1287112216953),(00343,01,8192517266364),(00344,01,5370936096021),(00345,01,3147622827493),(00346,01,9958179434206),(00347,01,8451277326759),(00348,01,6965755921691),(00349,01,3961512391415),(00350,01,3156582869432),(00351,01,1493528867128),(00352,01,8076562723766),(00353,01,2825968537728),(00354,01,4250065382299),(00355,01,2035640580319),(00356,01,9399186189736),(00357,01,2858514276550),(00358,01,1301365054555),(00359,01,2510241152934),(00360,01,7942502571145),(00361,01,6755020099681),(00362,01,1799292348576),(00363,01,9451411949028),(00364,01,1558870596402),(00365,01,8688938294708),(00366,01,3213982964599),(00367,01,9087399412210),(00368,01,8810847761294),(00369,01,5460226316234),(00370,01,5227640224568),(00371,01,8226076485796),(00372,01,3230832790638),(00373,01,7096808776276),(00374,01,6106015044603),(00375,01,5550069299752),(00376,01,3216693816623),(00377,01,8836503743252),(00378,01,3718394974140),(00379,01,6041276493645),(00380,01,8924640047767),(00381,01,4191336338675),(00382,01,8295597386696),(00383,01,3061883604983),(00384,01,9318269768868),(00385,01,5196410690425),(00386,01,9769017694969),(00387,01,2425822021163),(00388,01,8302590989517),(00389,01,6645229722321),(00390,01,9928722397304),(00391,01,1882799999568),(00392,01,6727479200586),(00393,01,8208356701621),(00394,01,7808132705433),(00395,01,6803168913040),(00396,01,4839228631520),(00397,01,1395180195261),(00398,01,4641986137999),(00399,01,7171479740511),(00400,01,1391123078995),(00401,01,4278168801835),(00402,01,7534185449433),(00403,01,2965268563646),(00404,01,4814064383122),(00405,01,1389125611240),(00406,01,5270100567094),(00407,01,4166633901809),(00408,01,1508995703921),(00409,01,3104788114626),(00410,01,6501355157215),(00411,01,9202914284901),(00412,01,9365185501140),(00413,01,9112037773158),(00414,01,1408727264883),(00415,01,6676429483076),(00416,01,2869417668458),(00417,01,6933499646988),(00418,01,4347923939811),(00419,01,1944208264276),(00420,01,4370290176304),(00421,01,9891071305076),(00422,01,2261270828259),(00423,01,6061750145261),(00424,01,2046773777308),(00425,01,3513046508919),(00426,01,9071530205324),(00427,01,7898724059406),(00428,01,8586716625431),(00429,01,3624044510074),(00430,01,5912810550821),(00431,01,5525617769717),(00432,01,7816639745430),(00433,01,6560287442290),(00434,01,5827939554166),(00435,01,5085289515383),(00436,01,8861341326423),(00437,01,7698734241941),(00438,01,7065225967028),(00439,01,8721797584859),(00440,01,5923476825200),(00441,01,6501578860178),(00442,01,9894289696711),(00443,01,9207784391521),(00444,01,1423246791927),(00445,01,9952890429750),(00446,01,2184111596571),(00447,01,1672547869868),(00448,01,6827644059779),(00449,01,7205028338566),(00450,01,6054611513641),(00451,01,4605400389493),(00452,01,4677372985216),(00453,01,7257847559197),(00454,01,6068526868562),(00455,01,2060142000238),(00456,01,3012892049142),(00457,01,5107409322942),(00458,01,1497972045275),(00459,01,8067235142495),(00460,01,9241348091552),(00461,01,5037711727675),(00462,01,2141984610964),(00463,01,8510442896966),(00464,01,3778542508875),(00465,01,3576661405368),(00466,01,5556411785759),(00467,01,5614402660774),(00468,01,4217718266975),(00469,01,7492392096322),(00470,01,8689772484962),(00471,01,7307371951720),(00472,01,2464889797372),(00473,01,9697172485000),(00474,01,4271274216366),(00475,01,3314587841336),(00476,01,5497498296771),(00477,01,9657571202148),(00478,01,5645236486243),(00479,01,7458599745189),(00480,01,9828835624836),(00481,01,5283484884343),(00482,01,4471940204596),(00483,01,3367975909042),(00484,01,3917374660544),(00485,01,8143854341813),(00486,01,6068953414555),(00487,01,1548848978651),(00488,01,2362736026295),(00489,01,2121822992322),(00490,01,7505689250075),(00491,01,8928151449643),(00492,01,4426123237631),(00493,01,4637657429529),(00494,01,2565818570866),(00495,01,3968670673207),(00496,01,6528425516818),(00497,01,7831370650439),(00498,01,6079543974284),(00499,01,6304651942393),(00500,01,6963814835383),(00501,01,7721214897956),(00502,01,9864836059468),(00503,01,7346309594749),(00504,01,2524120047922),(00505,01,2541990883874),(00506,01,6143401151748),(00507,01,8873204901954),(00508,01,7009303733178),(00509,01,5423283605539),(00510,01,4235909709453),(00511,01,3611125317177),(00512,01,7605269646471),(00513,01,4147569096725),(00514,01,1678821623641),(00515,01,3025388969807),(00516,01,2518331409621),(00517,01,2462914198341),(00518,01,2693909625330),(00519,01,8093680928509),(00520,01,4781228884282),(00521,01,8795533086670),(00522,01,8639201310857),(00523,01,7866579560415),(00524,01,5153943044546),(00525,01,1531055454428),(00526,01,1826256746690),(00527,01,9770347840842),(00528,01,7665872287473),(00529,01,5966866815491),(00530,01,4020994626585),(00531,01,6725346428586),(00532,01,1868804516153),(00533,01,5923570331252),(00534,01,4217799938007),(00535,01,6500845356537),(00536,01,7582922093498),(00537,01,2852372631616),(00538,01,8673009173243),(00539,01,9748981888894),(00540,01,9831688467805),(00541,01,8011459820124),(00542,01,8297455962426),(00543,01,7068334376366),(00544,01,4197178765059),(00545,01,8521331740872),(00546,01,5951300317445),(00547,01,6638236123363),(00548,01,5307182370937),(00549,01,9226770139556),(00550,01,4296440595014),(00551,01,6132430762863),(00552,01,2299988001618),(00553,01,1612616402647),(00554,01,6276566041593),(00555,01,5075518367049),(00556,01,4091021064888),(00557,01,5433673991043),(00558,01,6710596765880),(00559,01,4523433346912),(00560,01,5237730040661),(00561,01,4492092468236),(00562,01,7719762783505),(00563,01,8939137603585),(00564,01,5149627360789),(00565,01,4150791601205),(00566,01,2005181667392),(00567,01,1859019008738),(00568,01,1616875882343),(00569,01,8022690358894),(00570,01,9731324562539),(00571,01,8339216517137),(00572,01,1207867556051),(00573,01,4502256723750),(00574,01,5191489038251),(00575,01,4252042518823),(00576,01,3669473793334),(00577,01,5140354862804),(00578,01,2368526612824),(00579,01,6438543450975),(00580,01,4857240319812),(00581,01,8441213482134),(00582,01,8901205635017),(00583,01,3363105910010),(00584,01,2681013173740),(00585,01,3744715931606),(00586,01,1357811443005),(00587,01,6474570286316),(00588,01,7614477469045),(00589,01,7235703958867),(00590,01,6853706234473),(00591,01,2307591211394),(00592,01,5744149539596),(00593,01,5470901253492),(00594,01,7849174084388),(00595,01,8364320510643),(00596,01,3131898050968),(00597,01,7833529067730),(00598,01,1438286391391),(00599,01,6493959231264),(00600,01,7399655724690),(00601,01,4525806567361),(00602,01,5825700006659),(00603,01,3999870520719),(00604,01,8011810307839),(00605,01,2445490864087),(00606,01,9515555011644),(00607,01,7025691520769),(00608,01,5242852368624),(00609,01,7425187498686),(00610,01,4767312989235),(00611,01,7572637090501),(00612,01,3576430035833),(00613,01,4245670273230),(00614,01,8586869878705),(00615,01,3614003948826),(00616,01,1682538934153),(00617,01,7443809123699),(00618,01,5408467088545),(00619,01,3250410865069),(00620,01,1841625351573),(00621,01,1653949297021),(00622,01,5506044374643),(00623,01,4181660272938),(00624,01,7006719192992),(00625,01,2377706515928),(00626,01,1697670119428),(00627,01,4286007228005),(00628,01,6138047914322),(00629,01,5922060190608),(00630,01,5050188521085),(00631,01,7000175158617),(00632,01,6712646792729),(00633,01,7792427460956),(00634,01,6301579370110),(00635,01,5503542749692),(00636,01,9500188238993),(00637,01,8194979336668),(00638,01,9278390807397),(00639,01,9524328090308),(00640,01,6177322901036),(00641,01,1640467831173),(00642,01,9026864235706),(00643,01,2156937518687),(00644,01,7833710370270),(00645,01,1619032356939),(00646,01,5342876408661),(00647,01,5918471999310),(00648,01,3317652792981),(00649,01,7890862790633),(00650,01,6288848656177),(00651,01,9570189039222),(00652,01,6202615820169),(00653,01,8862718625881),(00654,01,6716872721505),(00655,01,9332986992856),(00656,01,4016446764194),(00657,01,7130243931235),(00658,01,2922102643196),(00659,01,5832291815255),(00660,01,1842600517572),(00661,01,8138883244372),(00662,01,7506305420778),(00663,01,4628343810653),(00664,01,1562927348209),(00665,01,1593118910266),(00666,01,9599141573614),(00667,01,2261551087568),(00668,01,7825043637149),(00669,01,5602397074376),(00670,01,8990265235252),(00671,01,1130789993080),(00672,01,9774631827001),(00673,01,7746792380544),(00674,01,1844826776522),(00675,01,4024923186771),(00676,01,9227165792051),(00677,01,6926465841147),(00678,01,4735034531956),(00679,01,4289929870481),(00680,01,2585813024022),(00681,01,9480209107725),(00682,01,9863001870286),(00683,01,6710309560858),(00684,01,1856695741585),(00685,01,4622133205973),(00686,01,6510276379767),(00687,01,7679460459846),(00688,01,9205472873112),(00689,01,8609658689421),(00690,01,8979535125708),(00691,01,4286110302525),(00692,01,1560806164115),(00693,01,6010770620168),(00694,01,2736231136391),(00695,01,9230032154815),(00696,01,9306534820224),(00697,01,9980616209227),(00698,01,9268884472275),(00699,01,4536836020172),(00700,01,6556669473649),(00701,01,2324082884251),(00702,01,6565533469163),(00703,01,6704579326641),(00704,01,8846651749823),(00705,01,2298901000821),(00706,01,1927412470877),(00707,01,3548679135221),(00708,01,8930473854500),(00709,01,9204914849377),(00710,01,4574383316792),(00711,01,9204209974210),(00712,01,8398458670836),(00713,01,4757826966617),(00714,01,8736138844401),(00715,01,1165009799595),(00716,01,9853178482793),(00717,01,8515338386942),(00718,01,5084633722106),(00719,01,8796084891294),(00720,01,1602944489828),(00721,01,5184674199657),(00722,01,6045505732395),(00723,01,2729358476537),(00724,01,8805747133683),(00725,01,3610625349500),(00726,01,2037290103416),(00727,01,9289341135948),(00728,01,2761434474920),(00729,01,2658928394566),(00730,01,3413760168637),(00731,01,6798142263944),(00732,01,5055920026369),(00733,01,3297140981894),(00734,01,7322588310955),(00735,01,5787018566356),(00736,01,6562178716501),(00737,01,4557142538037),(00738,01,3388908435163),(00739,01,4091018831911),(00740,01,8424619416273),(00741,01,8419424550404),(00742,01,9831437708390),(00743,01,8265282877769),(00744,01,5064113061275),(00745,01,7265391411569),(00746,01,9981116109776),(00747,01,3761717426166),(00748,01,9875562483314),(00749,01,7831361406208),(00750,01,2159966313206),(00751,01,1932568966979),(00752,01,5166720286056),(00753,01,7362196278550),(00754,01,2289155556168),(00755,01,6644043090363),(00756,01,2570649255700),(00757,01,4227202153464),(00758,01,6639032634809),(00759,01,1655363973553),(00760,01,2855512505154),(00761,01,7721312994583),(00762,01,3813183980227),(00763,01,2650752891728),(00764,01,3096209044267),(00765,01,3360133048337),(00766,01,8268867589572),(00767,01,5501777082367),(00768,01,5298156661869),(00769,01,5935005730441),(00770,01,3488786229966),(00771,01,2579742868789),(00772,01,5947657710228),(00773,01,4386110474161),(00774,01,9854705282123),(00775,01,3658420397823),(00776,01,2817767554760),(00777,01,5804763355012),(00778,01,2567808357407),(00779,01,9411889881511),(00780,01,5516173413385),(00781,01,1930504310796),(00782,01,4208303068477),(00783,01,1416936773437),(00784,01,2136015753278),(00785,01,1972406890637),(00786,01,9064945529149),(00787,01,3212089823992),(00788,01,5132311266647),(00789,01,7144502955023),(00790,01,7673451760258),(00791,01,4272217661837),(00792,01,4129775141096),(00793,01,8155989621018),(00794,01,7426546817138),(00795,01,7395031636197),(00796,01,8076937374040),(00797,01,1962316290814),(00798,01,3670715482234),(00799,01,1880565057971),(00800,01,4505581783166),(00801,01,7700536011005),(00802,01,7545081873214),(00803,01,6196341902285),(00804,01,1454696374911),(00805,01,1349481536063),(00806,01,1916372589353),(00807,01,3667438499552),(00808,01,6972525663338),(00809,01,4969868490296),(00810,01,8633137357726),(00811,01,2809650067669),(00812,01,8401107882439),(00813,01,9244588725158),(00814,01,3452716405919),(00815,01,9879080479547),(00816,01,9420493078204),(00817,01,9205140296126),(00818,01,1651080700865),(00819,01,8946718253786),(00820,01,1587153993426),(00821,01,2043162628550),(00822,01,3258436158769),(00823,01,6875498719488),(00824,01,2811290352706),(00825,01,6094501560147),(00826,01,5001103633197),(00827,01,8994298260528),(00828,01,1386032765243),(00829,01,1950605886758),(00830,01,2641467919917),(00831,01,3708232831161),(00832,01,3179361203965),(00833,01,7012547386351),(00834,01,5571048515526),(00835,01,7016353994798),(00836,01,4360228918349),(00837,01,9531479717435),(00838,01,4013752278988),(00839,01,7556297616574),(00840,01,5656542019273),(00841,01,4570395478080),(00842,01,7584891894730),(00843,01,7974960654409),(00844,01,8126326860459),(00845,01,9942130603685),(00846,01,7010815933768),(00847,01,5465041860091),(00848,01,2043977633801),(00849,01,9529671115583),(00850,01,4292565534839),(00851,01,6321935763118),(00852,01,8240635274360),(00853,01,9785939252570),(00854,01,1673429411274),(00855,01,8868017313964),(00856,01,4695715493695),(00857,01,9715254564226),(00858,01,7884732970698),(00859,01,6076798799398),(00860,01,2818039042918),(00861,01,4622611883745),(00862,01,8080523588488),(00863,01,9826414111347),(00864,01,3737882664067),(00865,01,4782535202465),(00866,01,1430813236888),(00867,01,7868921556260),(00868,01,4955345062736),(00869,01,8344842966632),(00870,01,4515937257266),(00871,01,5393857658093),(00872,01,6916802224032),(00873,01,7840556699683),(00874,01,8571163045572),(00875,01,8577131041986),(00876,01,5294466590253),(00877,01,4211487916617),(00878,01,6589225438421),(00879,01,2656647847781),(00880,01,5149736022562),(00881,01,6633808098390),(00882,01,2595514890811),(00883,01,4578187663683),(00884,01,5998564586729),(00885,01,2689694645077),(00886,01,5289302705823),(00887,01,9851481497028),(00888,01,6099027218751),(00889,01,8299619918797),(00890,01,3432378562483),(00891,01,1415295235897),(00892,01,3661780438597),(00893,01,9992083922500),(00894,01,3614049757105),(00895,01,3267770437136),(00896,01,6681427481617),(00897,01,1615089249139),(00898,01,9625261591291),(00899,01,8749776194205),(00900,01,4186244516788),(00901,01,5174626104986),(00902,01,1689380465869),(00903,01,8532019628785),(00904,01,9711940616697),(00905,01,3103811251554),(00906,01,7573501933772),(00907,01,2794068798878),(00908,01,9571729507819),(00909,01,9618830075673),(00910,01,1153116783440),(00911,01,4756121582025),(00912,01,4803319324404),(00913,01,1463750079004),(00914,01,8271928122957),(00915,01,9926549987723),(00916,01,6319459493343),(00917,01,9092668188413),(00918,01,4220902246506),(00919,01,6697496743177),(00920,01,5670804763145),(00921,01,7331242182214),(00922,01,3438629752983),(00923,01,3755313234403),(00924,01,7201882917783),(00925,01,2234157058751),(00926,01,7191631936521),(00927,01,4240519482219),(00928,01,7375269132180),(00929,01,7509501027519),(00930,01,6683699152024),(00931,01,2356019864141),(00932,01,5285863393195),(00933,01,2393976237032),(00934,01,4999738817873),(00935,01,3892503354400),(00936,01,9486484240035),(00937,01,9597691414831),(00938,01,3589012818600),(00939,01,2985819885732),(00940,01,8955903553123),(00941,01,5569021143910),(00942,01,7090183165829),(00943,01,7917765938231),(00944,01,6621461831855),(00945,01,3063134323772),(00946,01,8357789440095),(00947,01,3790078851968),(00948,01,4560784065404),(00949,01,4126579363580),(00950,01,8361568433278),(00951,01,6563878875236),(00952,01,1780081866280),(00953,01,9760489878026),(00954,01,2938596416255),(00955,01,4305758131099),(00956,01,3460208466750),(00957,01,6275662372506),(00958,01,6063688307600),(00959,01,8067360312632),(00960,01,2875021438269),(00961,01,3630245829631),(00962,01,7702054799921),(00963,01,1587151723602),(00964,01,1895123465615),(00965,01,4404682044134),(00966,01,3731532265159),(00967,01,2493748021665),(00968,01,8565688321656),(00969,01,5486724855681),(00970,01,7193172485747),(00971,01,5175449705585),(00972,01,9882182757247),(00973,01,9222801590498),(00974,01,7562907273717),(00975,01,4371767560848),(00976,01,3556715793547),(00977,01,8534497236296),(00978,01,3754639790578),(00979,01,7653632094101),(00980,01,3084259352917),(00981,01,9843300175681),(00982,01,6738727265799),(00983,01,9540187170308),(00984,01,2694204177732),(00985,01,7486556455088),(00986,01,2419570831495),(00987,01,8378380727826),(00988,01,7222415370292),(00989,01,2478058945189),(00990,01,3432438913058),(00991,01,2791213262204),(00992,01,3126623907491),(00993,01,9830744895316),(00994,01,7340707724473),(00995,01,9896884651926),(00996,01,6862836149535),(00997,01,4858813410412),(00998,01,2775356133185),(00999,01,9535922207150),(01000,01,2218623328651),(01001,01,7141650937063),(01002,01,4462915869895),(01003,01,8120830374555),(01004,01,7070978611996),(01005,01,7545163781604),(01006,01,4924014935518),(01007,01,9833220292372),(01008,01,6856347204327),(01009,01,4510249439924),(01010,01,6328172585434),(01011,01,5235952201239),(01012,01,3835538895629),(01013,01,7213942229755),(01014,01,5423033649856),(01015,01,1595148529711),(01016,01,3076044145191),(01017,01,6811291902501),(01018,01,2775527662016),(01019,01,4519375816859),(01020,01,9763747391093),(01021,01,3709726587196),(01022,01,7502548193347),(01023,01,7817992433275),(01024,01,8155729805447),(01025,01,8514511398598),(01026,01,1340482363420),(01027,01,6419522616615),(01028,01,8478302178091),(01029,01,5575889883711),(01030,01,3031098813719),(01031,01,8570252302492),(01032,01,6140224250818),(01033,01,2988959133980),(01034,01,6919164957894),(01035,01,6658644857613),(01036,01,5945619903405),(01037,01,9357850053544),(01038,01,6092022537206),(01039,01,1825996806731),(01040,01,4875870982998),(01041,01,8169075390238),(01042,01,3592562167379),(01043,01,3938067141966),(01044,01,6966707133533),(01045,01,7520132121279),(01046,01,4509414702450),(01047,01,3348502055622),(01048,01,1839435806585),(01049,01,5651169935226),(01050,01,5334046052411),(01051,01,7854258001001),(01052,01,5973571309469),(01053,01,5541798995331),(01054,01,2503706937169),(01055,01,2434396964777),(01056,01,2597150546701),(01057,01,4676838664343),(01058,01,3293689131677),(01059,01,1553012407902),(01060,01,4089153262962),(01061,01,9804514533293),(01062,01,3972528450519),(01063,01,9874723270057),(01064,01,7938120560225),(01065,01,3040719062327),(01066,01,4932527313759),(01067,01,9057910083642),(01068,01,8085247747752),(01069,01,1662266428599),(01070,01,8857823279708),(01071,01,9603956517232),(01072,01,2008431732390),(01073,01,3862115057036),(01074,01,4164284589422),(01075,01,9064343987044),(01076,01,2455849202883),(01077,01,4698944773754),(01078,01,5638864845941),(01079,01,7408891822221),(01080,01,7898335198417),(01081,01,2202084735428),(01082,01,4809337298547),(01083,01,2314213617824),(01084,01,8993860209405),(01085,01,8922350925552),(01086,01,8681746292410),(01087,01,4770627194853),(01088,01,4675092973079),(01089,01,4192023774306),(01090,01,5630872939182),(01091,01,9298134782033),(01092,01,9053950426906),(01093,01,9849482863157),(01094,01,8249559706995),(01095,01,4575886809207),(01096,01,9911244374236),(01097,01,3575133220760),(01098,01,8116724410534),(01099,01,2865954593585),(01100,01,3995660637227),(01101,01,4999480275515),(01102,01,4090343242925),(01103,01,5915944388286),(01104,01,3037528467559),(01105,01,8589962027853),(01106,01,9808075100440),(01107,01,7553126229002),(01108,01,3534381576472),(01109,01,8010891731814),(01110,01,9082097606618),(01111,01,3243325496249),(01112,01,6523799233142),(01113,01,1801023471250),(01114,01,9755873046274),(01115,01,1668035287530),(01116,01,1501132832709),(01117,01,3454280906700),(01118,01,1293184009843),(01119,01,8585051621188),(01120,01,1617302858776),(01121,01,5694091282853),(01122,01,3566016035739),(01123,01,4130117411574),(01124,01,7364395207526),(01125,01,5659476978531),(01126,01,2184960660752),(01127,01,2972302130311),(01128,01,8673005910499),(01129,01,5357795597827),(01130,01,4633062107882),(01131,01,5321153330067),(01132,01,1992330433516),(01133,01,5965061188547),(01134,01,7568562606639),(01135,01,2221197201407),(01136,01,3208456314656),(01137,01,4408433264689),(01138,01,6985839894667),(01139,01,4867784492239),(01140,01,6230759682061),(01141,01,1742505109384),(01142,01,2290757067511),(01143,01,6006907306770),(01144,01,3414522221153),(01145,01,1630395513548),(01146,01,8348776089614),(01147,01,5393960773336),(01148,01,2983490580564),(01149,01,6885277596097),(01150,01,7849778586125),(01151,01,9509749649016),(01152,01,6213117799938),(01153,01,5148157378322),(01154,01,9944207642957),(01155,01,9604138089149),(01156,01,5519207231009),(01157,01,9286513790053),(01158,01,5666030793832),(01159,01,8403409152265),(01160,01,5970079814111),(01161,01,4710007203860),(01162,01,3682829896235),(01163,01,4811361215544),(01164,01,3408415104640),(01165,01,2068853604586),(01166,01,8417377322582),(01167,01,4169556997011),(01168,01,8595265686463),(01169,01,7101964429428),(01170,01,6629408903287),(01171,01,2585338574875),(01172,01,2574786681188),(01173,01,7298146971854),(01174,01,7604940814768),(01175,01,7396052498354),(01176,01,2093362650048),(01177,01,8321929804144),(01178,01,5737137427733),(01179,01,7040997433847),(01180,01,5281910795321),(01181,01,8491386192877),(01182,01,5585591387824),(01183,01,3143443085014),(01184,01,7179403912533),(01185,01,7915782451281),(01186,01,3713445512531),(01187,01,8026980307143),(01188,01,5892278719443),(01189,01,2914491278903),(01190,01,3300462311649),(01191,01,3495526028033),(01192,01,2185274221108),(01193,01,7090930540084),(01194,01,7372539735619),(01195,01,7645064391782),(01196,01,8794395854930),(01197,01,3103348850592),(01198,01,3926795222008),(01199,01,4373786109211),(01200,01,3768693454942),(01201,01,1244484454285),(01202,01,1742851868631),(01203,01,5043193737167),(01204,01,4304496185430),(01205,01,2947047145420),(01206,01,3419351391758),(01207,01,9654922151522),(01208,01,3421330550261),(01209,01,9373768444564),(01210,01,4819074537435),(01211,01,2537102599541),(01212,01,1726404462833),(01213,01,4427167942305),(01214,01,4752971006606),(01215,01,4117037809127),(01216,01,4987049953945),(01217,01,5258499304609),(01218,01,5782214304548),(01219,01,6776955403564),(01220,01,8454351117714),(01221,01,4224799849064),(01222,01,5266005245359),(01223,01,1160697508320),(01224,01,8191679477742),(01225,01,3126519458000),(01226,01,8663830754323),(01227,01,6783227735463),(01228,01,5037453105702),(01229,01,4023242774341),(01230,01,2301835689325),(01231,01,2018256536190),(01232,01,1609122285027),(01233,01,2904000662648),(01234,01,2252446453702),(01235,01,9254481805569),(01236,01,9324606427450),(01237,01,8647369361119),(01238,01,7168644596997),(01239,01,8324463911383),(01240,01,5122812781784),(01241,01,4919881125274),(01242,01,9485237497601),(01243,01,2533081310982),(01244,01,8083456869289),(01245,01,4163164352844),(01246,01,7178533211071),(01247,01,3174721283755),(01248,01,1295602048619),(01249,01,1785390767074),(01250,01,7662367353549),(01251,01,9168183067207),(01252,01,4846248704925),(01253,01,2487107006328),(01254,01,9930000485885),(01255,01,4755607260758),(01256,01,1544685127799),(01257,01,5772440538917),(01258,01,8706869032297),(01259,01,2503190903206),(01260,01,8853839209205),(01261,01,4794021548550),(01262,01,6310082612596),(01263,01,7703363293052),(01264,01,3965204288133),(01265,01,6035786469339),(01266,01,4659190356567),(01267,01,1987577375330),(01268,01,4859574012063),(01269,01,1274368864969),(01270,01,8068329731362),(01271,01,8417592882795),(01272,01,3493320602364),(01273,01,9071136428159),(01274,01,8483139730684),(01275,01,1282692377855),(01276,01,5915945008947),(01277,01,3879710242069),(01278,01,2519786216651),(01279,01,7999990047848),(01280,01,7620598091113),(01281,01,7321649042819),(01282,01,6291598949580),(01283,01,8833524272164),(01284,01,8183048149020),(01285,01,7180721240385),(01286,01,6049020378405),(01287,01,2230272859994),(01288,01,2946381648466),(01289,01,5009736380973),(01290,01,6368127673191),(01291,01,7956143085061),(01292,01,9664351523299),(01293,01,7625005670648),(01294,01,1356250934925),(01295,01,9109926461493),(01296,01,1674608358372),(01297,01,5971231229786),(01298,01,4744042809389),(01299,01,4208056394849),(01300,01,5024276197395),(01301,01,6943166607343),(01302,01,5506321786506),(01303,01,7274186096609),(01304,01,3973241588386),(01305,01,7997486097061),(01306,01,9807267143384),(01307,01,3831924590853),(01308,01,9035195939524),(01309,01,2230139424481),(01310,01,7057875357554),(01311,01,3502224200509),(01312,01,7324918147604),(01313,01,9401367090944),(01314,01,5488479131773),(01315,01,1686228766522),(01316,01,6835448183802),(01317,01,8403547012206),(01318,01,6281383284957),(01319,01,4486705951605),(01320,01,9816850133774),(01321,01,2675056973172),(01322,01,6724343920050),(01323,01,6345534445986),(01324,01,3124998179471),(01325,01,7267199124297),(01326,01,1531819258257),(01327,01,6004309442488),(01328,01,7936802570416),(01329,01,6307459782682),(01330,01,9943755118037),(01331,01,8774818426745),(01332,01,7247067408439),(01333,01,1530407466436),(01334,01,3907439375478),(01335,01,7820839911924),(01336,01,4452169117014),(01337,01,1313222698502),(01338,01,1426213570927),(01339,01,3347264360391),(01340,01,3463059720667),(01341,01,2663573075624),(01342,01,8766966371157),(01343,01,5074637272553),(01344,01,6271907421774),(01345,01,4990788207807),(01346,01,6817489439623),(01347,01,4488288714758),(01348,01,2209639856573),(01349,01,3780613949658),(01350,01,2550132261662),(01351,01,9344604772613),(01352,01,8898277120227),(01353,01,8985464358230),(01354,01,6607351413973),(01355,01,6354479205708),(01356,01,3381372341741),(01357,01,9051151717004),(01358,01,6681583162749),(01359,01,9924633883101),(01360,01,2474234352183),(01361,01,7146018028443),(01362,01,2290358916776),(01363,01,9200731718453),(01364,01,4076971549198),(01365,01,8092210503583),(01366,01,3635216773413),(01367,01,4013375440816),(01368,01,6546099284603),(01369,01,1701319035136),(01370,01,3859310549925),(01371,01,7849875596425),(01372,01,5907136641332),(01373,01,6969352782366),(01374,01,3438593409874),(01375,01,8377992482452),(01376,01,5992456981755),(01377,01,5389646930344),(01378,01,4665672320447),(01379,01,9342416327120),(01380,01,9143957571913),(01381,01,2681148779791),(01382,01,1314561447310),(01383,01,4112621320147),(01384,01,2375593276912),(01385,01,3319114671939),(01386,01,9891301018530),(01387,01,7940963357100),(01388,01,7684916804234),(01389,01,6941865736828),(01390,01,7876743197129),(01391,01,2514649630601),(01392,01,9623452837590),(01393,01,8229086341641),(01394,01,3778189461540),(01395,01,7653847097815),(01396,01,4506113194828),(01397,01,5204894087695),(01398,01,6847170333173),(01399,01,9114434600724),(01400,01,6629642136054),(01401,01,8407374595112),(01402,01,4305106955107),(01403,01,5427986578452),(01404,01,2847016684616),(01405,01,4375168589814),(01406,01,7117809151203),(01407,01,5540640484205),(01408,01,3109018846013),(01409,01,4063536191159),(01410,01,1267768450872),(01411,01,6352510337424),(01412,01,7108098666561),(01413,01,5756807728304),(01414,01,6527137106360),(01415,01,1521524290085),(01416,01,7571319260225),(01417,01,2020726977265),(01418,01,5979897299066),(01419,01,4885714241060),(01420,01,4591835178569),(01421,01,7250167181563),(01422,01,7140898389023),(01423,01,5904040764571),(01424,01,7899486389157),(01425,01,9569362303517),(01426,01,1393443954199),(01427,01,4517516944870),(01428,01,3002933698304),(01429,01,8587760523046),(01430,01,1166625719941),(01431,01,4527132369605),(01432,01,3339936955174),(01433,01,5201373267887),(01434,01,2170771662906),(01435,01,4198756167396),(01436,01,4821987350438),(01437,01,7958316251228),(01438,01,4108347705283),(01439,01,8396567068023),(01440,01,1942922209490),(01441,01,2500630977709),(01442,01,9835210532523),(01443,01,8178303146727),(01444,01,1670308516859),(01445,01,2273124132624),(01446,01,1200081530401),(01447,01,7460193305520),(01448,01,6014765252972),(01449,01,7539105008676),(01450,01,3053887247439),(01451,01,4994563763178),(01452,01,9781502470009),(01453,01,9049421484523),(01454,01,8125433269861),(01455,01,6152994095214),(01456,01,5948281530062),(01457,01,9412189012727),(01458,01,5887301794537),(01459,01,5554396339003),(01460,01,3736599891904),(01461,01,8392731282474),(01462,01,1389972852223),(01463,01,8560124377379),(01464,01,1664784465712),(01465,01,4803819437439),(01466,01,1236305098167),(01467,01,6912823449944),(01468,01,1140711766633),(01469,01,2124605976341),(01470,01,7915936143189),(01471,01,6004699895811),(01472,01,8989812867430),(01473,01,4724943920463),(01474,01,3848064104298),(01475,01,3823292951501),(01476,01,6939272816758),(01477,01,3946086779440),(01478,01,1984851093772),(01479,01,8065751778867),(01480,01,8602065637432),(01481,01,2345406842970),(01482,01,1383696164410),(01483,01,5931547346934),(01484,01,3882687818372),(01485,01,4081762741730),(01486,01,9841795723485),(01487,01,5121795497577),(01488,01,3317622009132),(01489,01,4173659185490),(01490,01,4247288004116),(01491,01,2091084761537),(01492,01,2588423357602),(01493,01,6432281637861),(01494,01,4945585333405),(01495,01,7391201596165),(01496,01,4986846811331),(01497,01,7044687759438),(01498,01,2496780981347),(01499,01,9580814586037),(01500,01,9187899959119),(01501,01,6775730680315),(01502,01,7416460584242),(01503,01,4629222718008),(01504,01,9313210097053),(01505,01,9876653052758),(01506,01,6969364145667),(01507,01,1113911389353),(01508,01,3001406555880),(01509,01,3481359610198),(01510,01,1562182685165),(01511,01,1557968546210),(01512,01,4223810506690),(01513,01,6049759601335),(01514,01,7279644418171),(01515,01,3329459636226),(01516,01,2628804333079),(01517,01,3033738376205),(01518,01,8671357827517),(01519,01,5558351510650),(01520,01,5948279778293),(01521,01,6969401783299),(01522,01,1186848689065),(01523,01,4736152242574),(01524,01,1347193788988),(01525,01,1410113646312),(01526,01,4932718573641),(01527,01,4281291258176),(01528,01,7943869370668),(01529,01,4930920009129),(01530,01,7635532045691),(01531,01,5798695542405),(01532,01,7821670351694),(01533,01,3728953934722),(01534,01,5690164811218),(01535,01,9793732118801),(01536,01,2023713963258),(01537,01,8688808280158),(01538,01,6959360453459),(01539,01,2405862422084),(01540,01,9891206216206),(01541,01,5873867029649),(01542,01,4987372072662),(01543,01,4399789931616),(01544,01,2524246896000),(01545,01,3844979137383),(01546,01,9531174900456),(01547,01,3607653641072),(01548,01,7549220342723),(01549,01,7876049737818),(01550,01,9139506083849),(01551,01,4440538717487);
/*!40000 ALTER TABLE `bookss` ENABLE KEYS */;
UNLOCK TABLES;

--
-- Temporary table structure for view `fac_vu`
--

DROP TABLE IF EXISTS `fac_vu`;
/*!50001 DROP VIEW IF EXISTS `fac_vu`*/;
SET @saved_cs_client     = @@character_set_client;
SET character_set_client = utf8;
/*!50001 CREATE TABLE `fac_vu` (
  `person_id` tinyint NOT NULL,
  `first_name` tinyint NOT NULL,
  `last_name` tinyint NOT NULL,
  `type` tinyint NOT NULL,
  `address` tinyint NOT NULL,
  `phone` tinyint NOT NULL,
  `email` tinyint NOT NULL,
  `last_update` tinyint NOT NULL
) ENGINE=MyISAM */;
SET character_set_client = @saved_cs_client;

--
-- Table structure for table `faculty`
--

DROP TABLE IF EXISTS `faculty`;
/*!40101 SET @saved_cs_client     = @@character_set_client */;
/*!40101 SET character_set_client = utf8 */;
CREATE TABLE `faculty` (
  `lib_id` varchar(7) NOT NULL,
  `hire_date` datetime DEFAULT CURRENT_TIMESTAMP,
  `type` varchar(10) DEFAULT NULL,
  PRIMARY KEY (`lib_id`),
  CONSTRAINT `fac_per_id_fk` FOREIGN KEY (`lib_id`) REFERENCES `person` (`person_id`) ON DELETE CASCADE ON UPDATE CASCADE
) ENGINE=InnoDB DEFAULT CHARSET=utf8;
/*!40101 SET character_set_client = @saved_cs_client */;

--
-- Dumping data for table `faculty`
--

LOCK TABLES `faculty` WRITE;
/*!40000 ALTER TABLE `faculty` DISABLE KEYS */;
INSERT INTO `faculty` VALUES ('LF15001','2015-05-23 04:54:45','book_issue'),('LF15002','2015-05-25 09:03:32','ADMIN'),('LF15003','2015-05-25 09:03:32','ADMIN'),('LF15004','2015-05-25 09:03:32','book_issue'),('LF15005','2015-05-25 09:03:32','book_issue'),('LF15006','2015-05-25 14:45:13','ADMIN');
/*!40000 ALTER TABLE `faculty` ENABLE KEYS */;
UNLOCK TABLES;

--
-- Table structure for table `fine`
--

DROP TABLE IF EXISTS `fine`;
/*!40101 SET @saved_cs_client     = @@character_set_client */;
/*!40101 SET character_set_client = utf8 */;
CREATE TABLE `fine` (
  `lib_id` varchar(7) NOT NULL,
  `total_fine` int(5) unsigned DEFAULT NULL,
  `paid` int(5) unsigned DEFAULT '0',
  `remain` int(6) DEFAULT NULL,
  PRIMARY KEY (`lib_id`)
) ENGINE=InnoDB DEFAULT CHARSET=utf8;
/*!40101 SET character_set_client = @saved_cs_client */;

--
-- Dumping data for table `fine`
--

LOCK TABLES `fine` WRITE;
/*!40000 ALTER TABLE `fine` DISABLE KEYS */;
/*!40000 ALTER TABLE `fine` ENABLE KEYS */;
UNLOCK TABLES;

--
-- Temporary table structure for view `fine_vu`
--

DROP TABLE IF EXISTS `fine_vu`;
/*!50001 DROP VIEW IF EXISTS `fine_vu`*/;
SET @saved_cs_client     = @@character_set_client;
SET character_set_client = utf8;
/*!50001 CREATE TABLE `fine_vu` (
  `person_id` tinyint NOT NULL,
  `first_name` tinyint NOT NULL,
  `last_name` tinyint NOT NULL,
  `total_fine` tinyint NOT NULL,
  `paid` tinyint NOT NULL,
  `remain` tinyint NOT NULL
) ENGINE=MyISAM */;
SET character_set_client = @saved_cs_client;

--
-- Table structure for table `member`
--

DROP TABLE IF EXISTS `member`;
/*!40101 SET @saved_cs_client     = @@character_set_client */;
/*!40101 SET character_set_client = utf8 */;
CREATE TABLE `member` (
  `lib_id` varchar(7) NOT NULL,
  `university_id` varchar(11) DEFAULT NULL,
  `membership_date` datetime NOT NULL DEFAULT CURRENT_TIMESTAMP,
  PRIMARY KEY (`lib_id`),
  UNIQUE KEY `uni_id_uk` (`university_id`),
  CONSTRAINT `mem_per_id_fk` FOREIGN KEY (`lib_id`) REFERENCES `person` (`person_id`) ON DELETE CASCADE ON UPDATE CASCADE
) ENGINE=InnoDB DEFAULT CHARSET=utf8;
/*!40101 SET character_set_client = @saved_cs_client */;

--
-- Dumping data for table `member`
--

LOCK TABLES `member` WRITE;
/*!40000 ALTER TABLE `member` DISABLE KEYS */;
INSERT INTO `member` VALUES ('LU15001','MCSF13A045','2015-05-25 08:59:32'),('LU15002','MITF15M015','2015-05-25 08:59:33'),('LU15003','MCSF09M054','2015-05-25 08:59:33'),('LU15004','BSEF01M050','2015-05-25 08:59:33'),('LU15005','BCSF02A041','2015-05-25 08:59:33'),('LU15006','BSEF02A049','2015-05-25 08:59:33'),('LU15007','BITF07M032','2015-05-25 08:59:33'),('LU15008','BITF08M009','2015-05-25 08:59:33'),('LU15009','MITF14A052','2015-05-25 08:59:33'),('LU15010','MITF03A041','2015-05-25 08:59:33'),('LU15011','BITF08M014','2015-05-25 08:59:33');
/*!40000 ALTER TABLE `member` ENABLE KEYS */;
UNLOCK TABLES;

--
-- Table structure for table `person`
--

DROP TABLE IF EXISTS `person`;
/*!40101 SET @saved_cs_client     = @@character_set_client */;
/*!40101 SET character_set_client = utf8 */;
CREATE TABLE `person` (
  `person_id` varchar(7) NOT NULL,
  `email` varchar(50) NOT NULL,
  `phone` varchar(11) DEFAULT NULL,
  `last_update` datetime NOT NULL DEFAULT CURRENT_TIMESTAMP,
  PRIMARY KEY (`person_id`),
  UNIQUE KEY `email_uk` (`email`)
) ENGINE=InnoDB DEFAULT CHARSET=utf8;
/*!40101 SET character_set_client = @saved_cs_client */;

--
-- Dumping data for table `person`
--

LOCK TABLES `person` WRITE;
/*!40000 ALTER TABLE `person` DISABLE KEYS */;
INSERT INTO `person` VALUES ('LF15001','amir@gmail.com','03334521369','2015-05-23 04:54:45'),('LF15002','kassandra@gmail.com','250-646-644','2015-05-25 09:03:32'),('LF15003','leslee_matsuno@matsuno.org','418-460-577','2015-05-25 09:03:32'),('LF15004','ddobler@dobler.com','506-617-260','2015-05-25 09:03:32'),('LF15005','antonio.unruh@hotmail.com','604-624-769','2015-05-25 09:03:32'),('LF15006','asim.exam@pucit.com','EXAM','2015-05-25 14:45:13'),('LU15001','francoise.rautenstrauch@rautenstrauch.com','519-569-839','2015-05-25 08:59:32'),('LU15002','kloud@gmail.com','506-363-152','2015-05-25 08:59:33'),('LU15003','lourdes_bauswell@aol.com','613-903-704','2015-05-25 08:59:33'),('LU15004','hannah@yahoo.com','604-334-368','2015-05-25 08:59:33'),('LU15005','tom.loeza@gmail.com','514-487-609','2015-05-25 08:59:33'),('LU15006','queenie.kramarczyk@kramarczyk.org','306-421-579','2015-05-25 08:59:33'),('LU15007','hui_portaro@cox.net','506-827-775','2015-05-25 08:59:33'),('LU15008','josefa.opitz@opitz.org','519-788-764','2015-05-25 08:59:33'),('LU15009','lsteinhaus@cox.net','905-618-825','2015-05-25 08:59:33'),('LU15010','paola_vielma@aol.com','905-456-111','2015-05-25 08:59:33'),('LU15011','hbresser@aol.com','902-256-679','2015-05-25 08:59:33');
/*!40000 ALTER TABLE `person` ENABLE KEYS */;
UNLOCK TABLES;
/*!50003 SET @saved_cs_client      = @@character_set_client */ ;
/*!50003 SET @saved_cs_results     = @@character_set_results */ ;
/*!50003 SET @saved_col_connection = @@collation_connection */ ;
/*!50003 SET character_set_client  = utf8 */ ;
/*!50003 SET character_set_results = utf8 */ ;
/*!50003 SET collation_connection  = utf8_general_ci */ ;
/*!50003 SET @saved_sql_mode       = @@sql_mode */ ;
/*!50003 SET sql_mode              = '' */ ;
DELIMITER ;;
/*!50003 CREATE*/ /*!50017 DEFINER=`root`@`localhost`*/ /*!50003 TRIGGER `del_address_trig` AFTER DELETE ON `person` 
    FOR EACH ROW BEGIN 
DELETE from address 
where address_id NOT IN (SELECT address_id from person_address);
END */;;
DELIMITER ;
/*!50003 SET sql_mode              = @saved_sql_mode */ ;
/*!50003 SET character_set_client  = @saved_cs_client */ ;
/*!50003 SET character_set_results = @saved_cs_results */ ;
/*!50003 SET collation_connection  = @saved_col_connection */ ;

--
-- Table structure for table `person_address`
--

DROP TABLE IF EXISTS `person_address`;
/*!40101 SET @saved_cs_client     = @@character_set_client */;
/*!40101 SET character_set_client = utf8 */;
CREATE TABLE `person_address` (
  `person_id` varchar(7) NOT NULL,
  `address_id` int(5) unsigned zerofill NOT NULL,
  PRIMARY KEY (`person_id`,`address_id`),
  KEY `per_address_address_id_fk` (`address_id`),
  CONSTRAINT `address_per_id_fk` FOREIGN KEY (`person_id`) REFERENCES `person` (`person_id`) ON DELETE CASCADE ON UPDATE CASCADE,
  CONSTRAINT `per_address_address_id_fk` FOREIGN KEY (`address_id`) REFERENCES `address` (`address_id`) ON DELETE CASCADE ON UPDATE CASCADE
) ENGINE=InnoDB DEFAULT CHARSET=utf8;
/*!40101 SET character_set_client = @saved_cs_client */;

--
-- Dumping data for table `person_address`
--

LOCK TABLES `person_address` WRITE;
/*!40000 ALTER TABLE `person_address` DISABLE KEYS */;
INSERT INTO `person_address` VALUES ('LF15001',00009),('LU15001',00025),('LU15002',00026),('LU15003',00027),('LU15004',00028),('LU15005',00029),('LU15006',00030),('LU15007',00031),('LU15008',00032),('LU15009',00033),('LU15010',00034),('LU15011',00035),('LF15002',00036),('LF15003',00037),('LF15004',00038),('LF15005',00039),('LF15006',00040);
/*!40000 ALTER TABLE `person_address` ENABLE KEYS */;
UNLOCK TABLES;

--
-- Table structure for table `person_login`
--

DROP TABLE IF EXISTS `person_login`;
/*!40101 SET @saved_cs_client     = @@character_set_client */;
/*!40101 SET character_set_client = utf8 */;
CREATE TABLE `person_login` (
  `username` varchar(7) NOT NULL,
  `password` varchar(20) DEFAULT NULL,
  `last_login` datetime NOT NULL DEFAULT CURRENT_TIMESTAMP,
  PRIMARY KEY (`username`),
  CONSTRAINT `login_per_id_fk` FOREIGN KEY (`username`) REFERENCES `person` (`person_id`) ON DELETE CASCADE ON UPDATE CASCADE
) ENGINE=InnoDB DEFAULT CHARSET=utf8;
/*!40101 SET character_set_client = @saved_cs_client */;

--
-- Dumping data for table `person_login`
--

LOCK TABLES `person_login` WRITE;
/*!40000 ALTER TABLE `person_login` DISABLE KEYS */;
INSERT INTO `person_login` VALUES ('LF15001','issue','2015-05-25 08:52:26'),('LF15002','admin','2015-05-25 09:03:32'),('LF15003','admin','2015-05-25 09:03:32'),('LF15004','issue','2015-05-25 09:03:32'),('LF15005','issue','2015-05-25 09:03:32'),('LF15006','admin','2015-05-25 14:45:13'),('LU15001','A045','2015-05-25 15:09:47'),('LU15002','M015','2015-05-25 08:59:33'),('LU15003','M054','2015-05-25 08:59:33'),('LU15004','M050','2015-05-25 08:59:33'),('LU15005','A041','2015-05-25 08:59:33'),('LU15006','A049','2015-05-25 08:59:33'),('LU15007','M032','2015-05-25 08:59:33'),('LU15008','M009','2015-05-25 08:59:33'),('LU15009','A052','2015-05-25 08:59:33'),('LU15010','A041','2015-05-25 08:59:33'),('LU15011','M014','2015-05-25 08:59:33');
/*!40000 ALTER TABLE `person_login` ENABLE KEYS */;
UNLOCK TABLES;

--
-- Table structure for table `person_name`
--

DROP TABLE IF EXISTS `person_name`;
/*!40101 SET @saved_cs_client     = @@character_set_client */;
/*!40101 SET character_set_client = utf8 */;
CREATE TABLE `person_name` (
  `person_id` varchar(7) NOT NULL,
  `first_name` varchar(15) DEFAULT NULL,
  `last_name` varchar(15) DEFAULT NULL,
  PRIMARY KEY (`person_id`),
  CONSTRAINT `name_per_id_fk` FOREIGN KEY (`person_id`) REFERENCES `person` (`person_id`) ON DELETE CASCADE ON UPDATE CASCADE
) ENGINE=InnoDB DEFAULT CHARSET=utf8;
/*!40101 SET character_set_client = @saved_cs_client */;

--
-- Dumping data for table `person_name`
--

LOCK TABLES `person_name` WRITE;
/*!40000 ALTER TABLE `person_name` DISABLE KEYS */;
INSERT INTO `person_name` VALUES ('LF15001','Amir','Sheikh'),('LF15002','Kassandra','Marushia'),('LF15003','Leslee','Matsuno'),('LF15004','Daniel','Dobler'),('LF15005','Antonio','Unruh'),('LF15006','ASIM','RASUL'),('LU15001','Francoise','Rautenstrauch'),('LU15002','Kendra','Loud'),('LU15003','Lourdes','Bauswell'),('LU15004','Hannah','Edmison'),('LU15005','Tom','Loeza'),('LU15006','Queenie','Kramarczyk'),('LU15007','Hui','Portaro'),('LU15008','Josefa','Opitz'),('LU15009','Lea','Steinhaus'),('LU15010','Paola','Vielma'),('LU15011','Hortencia','Bresser');
/*!40000 ALTER TABLE `person_name` ENABLE KEYS */;
UNLOCK TABLES;

--
-- Table structure for table `publisher`
--

DROP TABLE IF EXISTS `publisher`;
/*!40101 SET @saved_cs_client     = @@character_set_client */;
/*!40101 SET character_set_client = utf8 */;
CREATE TABLE `publisher` (
  `pub_id` int(3) unsigned zerofill NOT NULL AUTO_INCREMENT,
  `hire_date` datetime NOT NULL DEFAULT CURRENT_TIMESTAMP,
  `name` varchar(80) DEFAULT NULL,
  PRIMARY KEY (`pub_id`)
) ENGINE=InnoDB AUTO_INCREMENT=18 DEFAULT CHARSET=utf8;
/*!40101 SET character_set_client = @saved_cs_client */;

--
-- Dumping data for table `publisher`
--

LOCK TABLES `publisher` WRITE;
/*!40000 ALTER TABLE `publisher` DISABLE KEYS */;
INSERT INTO `publisher` VALUES (008,'2015-05-24 21:44:50','GADDIS'),(010,'2015-05-24 23:09:47','RICHAAA'),(016,'2015-05-25 00:49:22','ANTON'),(017,'2015-05-25 09:09:17','GUJAR PRINTERS');
/*!40000 ALTER TABLE `publisher` ENABLE KEYS */;
UNLOCK TABLES;

--
-- Table structure for table `subject`
--

DROP TABLE IF EXISTS `subject`;
/*!40101 SET @saved_cs_client     = @@character_set_client */;
/*!40101 SET character_set_client = utf8 */;
CREATE TABLE `subject` (
  `subject_id` int(5) unsigned zerofill NOT NULL AUTO_INCREMENT,
  `subject_name` varchar(120) NOT NULL,
  PRIMARY KEY (`subject_id`),
  UNIQUE KEY `sub_name_uk` (`subject_name`)
) ENGINE=InnoDB AUTO_INCREMENT=15 DEFAULT CHARSET=utf8;
/*!40101 SET character_set_client = @saved_cs_client */;

--
-- Dumping data for table `subject`
--

LOCK TABLES `subject` WRITE;
/*!40000 ALTER TABLE `subject` DISABLE KEYS */;
INSERT INTO `subject` VALUES (00008,'COMPUTER LANGUAGES'),(00014,'COMPUTING'),(00012,'D.MATHS'),(00013,'MATHEMATICS');
/*!40000 ALTER TABLE `subject` ENABLE KEYS */;
UNLOCK TABLES;

--
-- Temporary table structure for view `user_book_history`
--

DROP TABLE IF EXISTS `user_book_history`;
/*!50001 DROP VIEW IF EXISTS `user_book_history`*/;
SET @saved_cs_client     = @@character_set_client;
SET character_set_client = utf8;
/*!50001 CREATE TABLE `user_book_history` (
  `title` tinyint NOT NULL,
  `copy_no` tinyint NOT NULL,
  `person_id` tinyint NOT NULL,
  `issue_date` tinyint NOT NULL,
  `expiry_date` tinyint NOT NULL
) ENGINE=MyISAM */;
SET character_set_client = @saved_cs_client;

--
-- Table structure for table `user_fine`
--

DROP TABLE IF EXISTS `user_fine`;
/*!40101 SET @saved_cs_client     = @@character_set_client */;
/*!40101 SET character_set_client = utf8 */;
CREATE TABLE `user_fine` (
  `lib_id` varchar(7) NOT NULL,
  `total_fine` int(5) unsigned DEFAULT NULL,
  `paid` int(5) unsigned DEFAULT '0',
  `remain` int(6) DEFAULT NULL,
  PRIMARY KEY (`lib_id`)
) ENGINE=InnoDB DEFAULT CHARSET=utf8;
/*!40101 SET character_set_client = @saved_cs_client */;

--
-- Dumping data for table `user_fine`
--

LOCK TABLES `user_fine` WRITE;
/*!40000 ALTER TABLE `user_fine` DISABLE KEYS */;
INSERT INTO `user_fine` VALUES ('LU15001',0,60,-60),('LU15002',20,5436,-5416),('LU15003',0,0,0),('LU15004',30,100,-70);
/*!40000 ALTER TABLE `user_fine` ENABLE KEYS */;
UNLOCK TABLES;

--
-- Temporary table structure for view `user_vu`
--

DROP TABLE IF EXISTS `user_vu`;
/*!50001 DROP VIEW IF EXISTS `user_vu`*/;
SET @saved_cs_client     = @@character_set_client;
SET character_set_client = utf8;
/*!50001 CREATE TABLE `user_vu` (
  `person_id` tinyint NOT NULL,
  `first_name` tinyint NOT NULL,
  `last_name` tinyint NOT NULL,
  `university_id` tinyint NOT NULL,
  `address` tinyint NOT NULL,
  `phone` tinyint NOT NULL,
  `email` tinyint NOT NULL,
  `last_update` tinyint NOT NULL
) ENGINE=MyISAM */;
SET character_set_client = @saved_cs_client;

--
-- Dumping routines for database 'library'
--
/*!50003 DROP FUNCTION IF EXISTS `book_issued_to_` */;
/*!50003 SET @saved_cs_client      = @@character_set_client */ ;
/*!50003 SET @saved_cs_results     = @@character_set_results */ ;
/*!50003 SET @saved_col_connection = @@collation_connection */ ;
/*!50003 SET character_set_client  = utf8 */ ;
/*!50003 SET character_set_results = utf8 */ ;
/*!50003 SET collation_connection  = utf8_general_ci */ ;
/*!50003 SET @saved_sql_mode       = @@sql_mode */ ;
/*!50003 SET sql_mode              = '' */ ;
DELIMITER ;;
CREATE DEFINER=`root`@`localhost` FUNCTION `book_issued_to_`(pid VARCHAR(7)) RETURNS int(11)
BEGIN
	DECLARE icount int(5);
SELECT count(*) into icount from book_issue_details
where return_date is null
and person_id = pid;
RETURN(icount);
    END ;;
DELIMITER ;
/*!50003 SET sql_mode              = @saved_sql_mode */ ;
/*!50003 SET character_set_client  = @saved_cs_client */ ;
/*!50003 SET character_set_results = @saved_cs_results */ ;
/*!50003 SET collation_connection  = @saved_col_connection */ ;
/*!50003 DROP PROCEDURE IF EXISTS `add_book` */;
/*!50003 SET @saved_cs_client      = @@character_set_client */ ;
/*!50003 SET @saved_cs_results     = @@character_set_results */ ;
/*!50003 SET @saved_col_connection = @@collation_connection */ ;
/*!50003 SET character_set_client  = utf8 */ ;
/*!50003 SET character_set_results = utf8 */ ;
/*!50003 SET collation_connection  = utf8_general_ci */ ;
/*!50003 SET @saved_sql_mode       = @@sql_mode */ ;
/*!50003 SET sql_mode              = '' */ ;
DELIMITER ;;
CREATE DEFINER=`root`@`localhost` PROCEDURE `add_book`(title_name VARCHAR(150),pub_date date,
isbnn bigint(20) UNSIGNED,editon int(2) UNSIGNED,auth_name VARCHAR(80),sub_name VARCHAR(120),pub_name VARCHAR(80))
BEGIN
DECLARE ck,B_ID,T_ID,P_ID,S_ID,A_ID int(4);
	
	set ck = (SELECT COUNT(case when ISBN = isbnn then 1 end ) from book);
IF ck > 0 then
	set B_ID = (SELECT book_id from book where ISBN = isbnn LIMIT 1);
	insert into book_copy 
	SELECT B_ID,(SELECT MAX(copy_no)+1 from book_copy where book_id = B_ID),CURDATE()
	from dual;
	SELECT 'COPY GENERATED' from dual;
ELSE
	INSERT into book(ISBN,publication_date,Edition)
	values (isbnn,pub_date,editon);
	set B_ID = (SELECT book_id from book where ISBN = isbnn LIMIT 1);
	
	insert into book_copy (book_id,book_added_date)
	values (B_ID,CURDATE());
	INSERT into book_title(title)
	SELECT UPPER(title_name) from dual
	where not exists (SELECT * from book_title where title = UPPER(title_name));
	insert into author(author_name)
	SELECT UPPER(auth_name) from dual
	where not exists (SELECT * from author where author_name = UPPER(auth_name));
	insert into subject(subject_name)
	SELECT UPPER(sub_name) from dual
	where not exists (SELECT * from subject where subject_name = UPPER(sub_name));	
	insert into publisher(name)
	SELECT UPPER(pub_name) from dual
	where not exists (SELECT * from publisher where name = UPPER(pub_name));
	
	SET A_ID = (SELECT author_id from author where author_name = UPPER(auth_name));
	SET S_ID = (SELECT subject_id from subject where subject_name = UPPER(sub_name));
	SET P_ID = (SELECT pub_id from publisher where name = UPPER(pub_name));
	SET T_ID = (SELECT title_id from book_title where title = UPPER(title_name));
	
	insert into book_details(book_id,title_id,author_id,publisher_id,subject_id)
	values (B_ID,T_ID,A_ID,P_ID,S_ID);
	
	END IF;
END ;;
DELIMITER ;
/*!50003 SET sql_mode              = @saved_sql_mode */ ;
/*!50003 SET character_set_client  = @saved_cs_client */ ;
/*!50003 SET character_set_results = @saved_cs_results */ ;
/*!50003 SET collation_connection  = @saved_col_connection */ ;
/*!50003 DROP PROCEDURE IF EXISTS `CREATE_FACULTY` */;
/*!50003 SET @saved_cs_client      = @@character_set_client */ ;
/*!50003 SET @saved_cs_results     = @@character_set_results */ ;
/*!50003 SET @saved_col_connection = @@collation_connection */ ;
/*!50003 SET character_set_client  = utf8 */ ;
/*!50003 SET character_set_results = utf8 */ ;
/*!50003 SET collation_connection  = utf8_general_ci */ ;
/*!50003 SET @saved_sql_mode       = @@sql_mode */ ;
/*!50003 SET sql_mode              = '' */ ;
DELIMITER ;;
CREATE DEFINER=`root`@`localhost` PROCEDURE `CREATE_FACULTY`(acc_type varchar(11), pass varchar(20),fname varchar(15),lname varchar(15),e_mail varchar(30),ph varchar(11) ,addresss varchar(100))
begin 
declare P_ID varchar(7);
declare A_ID int(5);
DECLARE EXIT HANDLER FOR 1062 BEGIN
        SELECT 0,'DUPLICATE EMAIL' from DUAL;
rollback;
    END;
START TRANSACTION;
	SET P_ID = (SELECT concat('LF',DATE_FORMAT(CURDATE(),'%y'),
			lpad(ifnull(substring(Max(lib_id),5,3),'0')+1,3,'0') )
			from faculty);
	insert into person(person_id,email,phone) 
	values(P_ID,e_mail,ph);
	insert into faculty(lib_id,type) values(P_ID,acc_type);
	insert into person_login(username,password) values(P_ID,pass);
	insert into person_name (person_id,first_name,last_name) values (P_ID,fname,lname);
	insert into address(address) 
	SELECT addresss from dual 
	where not exists(Select * from address where address = addresss);
	SET A_ID = (Select address_id from address where address = addresss LIMIT 1);
	
	insert into person_address(person_id,address_id) values(P_ID,A_ID);
	SELECT 1,P_ID from dual;
	COMMIT;
end ;;
DELIMITER ;
/*!50003 SET sql_mode              = @saved_sql_mode */ ;
/*!50003 SET character_set_client  = @saved_cs_client */ ;
/*!50003 SET character_set_results = @saved_cs_results */ ;
/*!50003 SET collation_connection  = @saved_col_connection */ ;
/*!50003 DROP PROCEDURE IF EXISTS `CREATE_USER` */;
/*!50003 SET @saved_cs_client      = @@character_set_client */ ;
/*!50003 SET @saved_cs_results     = @@character_set_results */ ;
/*!50003 SET @saved_col_connection = @@collation_connection */ ;
/*!50003 SET character_set_client  = utf8 */ ;
/*!50003 SET character_set_results = utf8 */ ;
/*!50003 SET collation_connection  = utf8_general_ci */ ;
/*!50003 SET @saved_sql_mode       = @@sql_mode */ ;
/*!50003 SET sql_mode              = '' */ ;
DELIMITER ;;
CREATE DEFINER=`root`@`localhost` PROCEDURE `CREATE_USER`(UNI_ID varchar(11), pass varchar(20),fname varchar(15),lname varchar(15),e_mail varchar(50),ph varchar(15),addresss varchar(100))
begin 
declare P_ID varchar(7);
declare A_ID int(5);
declare E1 varchar(25);
declare E2 int(2);
DECLARE EXIT HANDLER FOR 1062 BEGIN
        SELECT E2,E1 from DUAL;
rollback;
    END;
START TRANSACTION;
	SET P_ID = (SELECT concat('LU',DATE_FORMAT(CURDATE(),'%y'),
			lpad(ifnull(substring(Max(lib_id),5,3),'0')+1,3,'0') )
			from member);
	SET E1 = (SELECT 'DUPLICATE EMAIL' from dual);
	SET E2 = (SELECT 0 from dual);
	insert into person(person_id,email,phone) 
	values(P_ID,e_mail,ph);
	SET E1 = (SELECT 'DUPLICATE UNIVERSITY_ID' from dual);
	SET E2 = (SELECT 1 from dual);
	insert into member (lib_id,university_id) values(P_ID,UPPER(UNI_ID));
	
	insert into person_login(username,password) values(P_ID,pass);
	insert into person_name (person_id,first_name,last_name) values (P_ID,fname,lname);
	insert into address(address) 
	SELECT addresss from dual 
	where not exists(Select * from address where address = addresss);
	SET A_ID = (Select address_id from address where address = addresss LIMIT 1);
	
	insert into person_address(person_id,address_id) values(P_ID,A_ID);
	SELECT 2,P_ID from dual;
	COMMIT;
	
end ;;
DELIMITER ;
/*!50003 SET sql_mode              = @saved_sql_mode */ ;
/*!50003 SET character_set_client  = @saved_cs_client */ ;
/*!50003 SET character_set_results = @saved_cs_results */ ;
/*!50003 SET collation_connection  = @saved_col_connection */ ;
/*!50003 DROP PROCEDURE IF EXISTS `ins` */;
/*!50003 SET @saved_cs_client      = @@character_set_client */ ;
/*!50003 SET @saved_cs_results     = @@character_set_results */ ;
/*!50003 SET @saved_col_connection = @@collation_connection */ ;
/*!50003 SET character_set_client  = utf8 */ ;
/*!50003 SET character_set_results = utf8 */ ;
/*!50003 SET collation_connection  = utf8_general_ci */ ;
/*!50003 SET @saved_sql_mode       = @@sql_mode */ ;
/*!50003 SET sql_mode              = '' */ ;
DELIMITER ;;
CREATE DEFINER=`root`@`localhost` PROCEDURE `ins`(uid varchar(11),pass VARCHAR(20))
BEGIN
DECLARE id varchar(7);
	insert into university_member(university_id) values (uid);
	update university_member 
	set lib_id = concat('LU',date_format(membership_date,'%y'),member_id)
	where university_id = uid;
	SET id = (SELECT lib_id from university_member where university_id = uid LIMIT 1);
	insert into person_login(username,password) values (id,pass);
END ;;
DELIMITER ;
/*!50003 SET sql_mode              = @saved_sql_mode */ ;
/*!50003 SET character_set_client  = @saved_cs_client */ ;
/*!50003 SET character_set_results = @saved_cs_results */ ;
/*!50003 SET collation_connection  = @saved_col_connection */ ;
/*!50003 DROP PROCEDURE IF EXISTS `insertVal` */;
/*!50003 SET @saved_cs_client      = @@character_set_client */ ;
/*!50003 SET @saved_cs_results     = @@character_set_results */ ;
/*!50003 SET @saved_col_connection = @@collation_connection */ ;
/*!50003 SET character_set_client  = utf8 */ ;
/*!50003 SET character_set_results = utf8 */ ;
/*!50003 SET collation_connection  = utf8_general_ci */ ;
/*!50003 SET @saved_sql_mode       = @@sql_mode */ ;
/*!50003 SET sql_mode              = '' */ ;
DELIMITER ;;
CREATE DEFINER=`root`@`localhost` PROCEDURE `insertVal`(uni_id varchar(11))
BEGIN
		INSERT INTO university_member (university_id) values (uni_id);
	UPDATE university_member
	SET lib_id = CONCAT('LU',DATE_FORMAT(membership_date,'%y'),member_id);

END ;;
DELIMITER ;
/*!50003 SET sql_mode              = @saved_sql_mode */ ;
/*!50003 SET character_set_client  = @saved_cs_client */ ;
/*!50003 SET character_set_results = @saved_cs_results */ ;
/*!50003 SET collation_connection  = @saved_col_connection */ ;
/*!50003 DROP PROCEDURE IF EXISTS `insert_article_tags` */;
/*!50003 SET @saved_cs_client      = @@character_set_client */ ;
/*!50003 SET @saved_cs_results     = @@character_set_results */ ;
/*!50003 SET @saved_col_connection = @@collation_connection */ ;
/*!50003 SET character_set_client  = utf8 */ ;
/*!50003 SET character_set_results = utf8 */ ;
/*!50003 SET collation_connection  = utf8_general_ci */ ;
/*!50003 SET @saved_sql_mode       = @@sql_mode */ ;
/*!50003 SET sql_mode              = '' */ ;
DELIMITER ;;
CREATE DEFINER=`root`@`localhost` PROCEDURE `insert_article_tags`(IN article_id INT, IN tag_id INT)
BEGIN
 
 DECLARE CONTINUE HANDLER FOR 1062
 SELECT CONCAT('duplicate keys',' found') AS msg;
 
 -- insert a new record into article_tags
 INSERT INTO article_tags(article_id,tag_id)
 VALUES(article_id,tag_id);
 
 -- return tag count for the article
 SELECT COUNT(*) FROM article_tags;
END ;;
DELIMITER ;
/*!50003 SET sql_mode              = @saved_sql_mode */ ;
/*!50003 SET character_set_client  = @saved_cs_client */ ;
/*!50003 SET character_set_results = @saved_cs_results */ ;
/*!50003 SET collation_connection  = @saved_col_connection */ ;
/*!50003 DROP PROCEDURE IF EXISTS `issue_book` */;
/*!50003 SET @saved_cs_client      = @@character_set_client */ ;
/*!50003 SET @saved_cs_results     = @@character_set_results */ ;
/*!50003 SET @saved_col_connection = @@collation_connection */ ;
/*!50003 SET character_set_client  = utf8 */ ;
/*!50003 SET character_set_results = utf8 */ ;
/*!50003 SET collation_connection  = utf8_general_ci */ ;
/*!50003 SET @saved_sql_mode       = @@sql_mode */ ;
/*!50003 SET sql_mode              = '' */ ;
DELIMITER ;;
CREATE DEFINER=`root`@`localhost` PROCEDURE `issue_book`(B_ID int(5),P_ID VARCHAR(7),expire DATE)
BEGIN
DECLARE C_ID int(5);
if book_issued_to_(P_ID) > 3 then
	
SELECT 2,'NO BOOK CAN BE ISSUED BECAUSE YOU REACHED YOUR LIMIT' as msg from dual;
ELSE
SET C_ID = (  
SELECT bc.copy_no 
from 
(SELECT * from book_copy where book_id = B_ID)bc
LEFT JOIN (SELECT * from book_issue_details where return_date is null)bd
ON (bc.book_id,bc.copy_no) = (bd.book_id,bd.copy_no)
where bd.book_id IS NULL
and bd.copy_no IS NULL
and bd.person_id IS NULL
LIMIT 1); 
IF C_ID IS NULL 
then
SELECT 0,'NO BOOK CAN BE ISSUED' as msg from dual;
ELSE
insert into book_issue_details(book_id,copy_no,person_id,expiry_date,issue_date)
values (B_ID,C_ID,P_ID,expire,NOW());
SELECT 1,B_ID,C_ID,P_ID,expire from dual; 
END IF;
END IF;
    END ;;
DELIMITER ;
/*!50003 SET sql_mode              = @saved_sql_mode */ ;
/*!50003 SET character_set_client  = @saved_cs_client */ ;
/*!50003 SET character_set_results = @saved_cs_results */ ;
/*!50003 SET collation_connection  = @saved_col_connection */ ;
/*!50003 DROP PROCEDURE IF EXISTS `return_book` */;
/*!50003 SET @saved_cs_client      = @@character_set_client */ ;
/*!50003 SET @saved_cs_results     = @@character_set_results */ ;
/*!50003 SET @saved_col_connection = @@collation_connection */ ;
/*!50003 SET character_set_client  = utf8 */ ;
/*!50003 SET character_set_results = utf8 */ ;
/*!50003 SET collation_connection  = utf8_general_ci */ ;
/*!50003 SET @saved_sql_mode       = @@sql_mode */ ;
/*!50003 SET sql_mode              = '' */ ;
DELIMITER ;;
CREATE DEFINER=`root`@`localhost` PROCEDURE `return_book`(bid int(5),cid int(3),pid VARCHAR(7))
BEGIN
	
update book_issue_details
set return_date = CURDATE()
where book_id = bid and copy_no = cid and person_id = pid;
    END ;;
DELIMITER ;
/*!50003 SET sql_mode              = @saved_sql_mode */ ;
/*!50003 SET character_set_client  = @saved_cs_client */ ;
/*!50003 SET character_set_results = @saved_cs_results */ ;
/*!50003 SET collation_connection  = @saved_col_connection */ ;
/*!50003 DROP PROCEDURE IF EXISTS `UPDATE_BOOK_AUTHOR` */;
/*!50003 SET @saved_cs_client      = @@character_set_client */ ;
/*!50003 SET @saved_cs_results     = @@character_set_results */ ;
/*!50003 SET @saved_col_connection = @@collation_connection */ ;
/*!50003 SET character_set_client  = utf8 */ ;
/*!50003 SET character_set_results = utf8 */ ;
/*!50003 SET collation_connection  = utf8_general_ci */ ;
/*!50003 SET @saved_sql_mode       = @@sql_mode */ ;
/*!50003 SET sql_mode              = '' */ ;
DELIMITER ;;
CREATE DEFINER=`root`@`localhost` PROCEDURE `UPDATE_BOOK_AUTHOR`(B_ID int(5),aname VARCHAR(120))
BEGIN
DECLARE ID int(5);
insert ignore into author(author_name) values (aname);
SET ID = (SELECT author_id from author where author_name= aname LIMIT 1);
update book_details
set author_id = ID
where book_id = B_ID;
DELETE from author
where author_id NOT IN (SELECT author_id from book_details);
END ;;
DELIMITER ;
/*!50003 SET sql_mode              = @saved_sql_mode */ ;
/*!50003 SET character_set_client  = @saved_cs_client */ ;
/*!50003 SET character_set_results = @saved_cs_results */ ;
/*!50003 SET collation_connection  = @saved_col_connection */ ;
/*!50003 DROP PROCEDURE IF EXISTS `UPDATE_BOOK_PUBLISHER` */;
/*!50003 SET @saved_cs_client      = @@character_set_client */ ;
/*!50003 SET @saved_cs_results     = @@character_set_results */ ;
/*!50003 SET @saved_col_connection = @@collation_connection */ ;
/*!50003 SET character_set_client  = utf8 */ ;
/*!50003 SET character_set_results = utf8 */ ;
/*!50003 SET collation_connection  = utf8_general_ci */ ;
/*!50003 SET @saved_sql_mode       = @@sql_mode */ ;
/*!50003 SET sql_mode              = '' */ ;
DELIMITER ;;
CREATE DEFINER=`root`@`localhost` PROCEDURE `UPDATE_BOOK_PUBLISHER`(B_ID int(5),pname VARCHAR(120))
BEGIN
DECLARE ID int(5);
insert ignore into publisher(name) values (pname);
SET ID = (SELECT pub_id from publisher where name= pname LIMIT 1);
update book_details
set publisher_id = ID
where book_id = B_ID;
DELETE from publisher
where pub_id NOT IN (SELECT publisher_id from book_details);
END ;;
DELIMITER ;
/*!50003 SET sql_mode              = @saved_sql_mode */ ;
/*!50003 SET character_set_client  = @saved_cs_client */ ;
/*!50003 SET character_set_results = @saved_cs_results */ ;
/*!50003 SET collation_connection  = @saved_col_connection */ ;
/*!50003 DROP PROCEDURE IF EXISTS `UPDATE_BOOK_SUBJECT` */;
/*!50003 SET @saved_cs_client      = @@character_set_client */ ;
/*!50003 SET @saved_cs_results     = @@character_set_results */ ;
/*!50003 SET @saved_col_connection = @@collation_connection */ ;
/*!50003 SET character_set_client  = utf8 */ ;
/*!50003 SET character_set_results = utf8 */ ;
/*!50003 SET collation_connection  = utf8_general_ci */ ;
/*!50003 SET @saved_sql_mode       = @@sql_mode */ ;
/*!50003 SET sql_mode              = '' */ ;
DELIMITER ;;
CREATE DEFINER=`root`@`localhost` PROCEDURE `UPDATE_BOOK_SUBJECT`(B_ID int(5),sname VARCHAR(120))
BEGIN
DECLARE S_ID int(5);
insert ignore into subject(subject_name) values (sname);
SET S_ID = (SELECT subject_id from subject where subject_name = sname LIMIT 1);
update book_details
set subject_id = S_ID
where book_id = B_ID;
DELETE from subject
where subject_id NOT IN (SELECT subject_id from book_details);
END ;;
DELIMITER ;
/*!50003 SET sql_mode              = @saved_sql_mode */ ;
/*!50003 SET character_set_client  = @saved_cs_client */ ;
/*!50003 SET character_set_results = @saved_cs_results */ ;
/*!50003 SET collation_connection  = @saved_col_connection */ ;
/*!50003 DROP PROCEDURE IF EXISTS `UPDATE_BOOK_TITLE` */;
/*!50003 SET @saved_cs_client      = @@character_set_client */ ;
/*!50003 SET @saved_cs_results     = @@character_set_results */ ;
/*!50003 SET @saved_col_connection = @@collation_connection */ ;
/*!50003 SET character_set_client  = utf8 */ ;
/*!50003 SET character_set_results = utf8 */ ;
/*!50003 SET collation_connection  = utf8_general_ci */ ;
/*!50003 SET @saved_sql_mode       = @@sql_mode */ ;
/*!50003 SET sql_mode              = '' */ ;
DELIMITER ;;
CREATE DEFINER=`root`@`localhost` PROCEDURE `UPDATE_BOOK_TITLE`(B_ID int(5),tname VARCHAR(120))
BEGIN
DECLARE T_ID int(5);
insert ignore into book_title(title) values (tname);
SET T_ID = (SELECT title_id from book_title where title = tname LIMIT 1);
update book_details
set title_id = T_ID
where book_id = B_ID;
DELETE from book_title
where title_id NOT IN (SELECT title_id from book_details);
END ;;
DELIMITER ;
/*!50003 SET sql_mode              = @saved_sql_mode */ ;
/*!50003 SET character_set_client  = @saved_cs_client */ ;
/*!50003 SET character_set_results = @saved_cs_results */ ;
/*!50003 SET collation_connection  = @saved_col_connection */ ;
/*!50003 DROP PROCEDURE IF EXISTS `user_validate` */;
/*!50003 SET @saved_cs_client      = @@character_set_client */ ;
/*!50003 SET @saved_cs_results     = @@character_set_results */ ;
/*!50003 SET @saved_col_connection = @@collation_connection */ ;
/*!50003 SET character_set_client  = utf8 */ ;
/*!50003 SET character_set_results = utf8 */ ;
/*!50003 SET collation_connection  = utf8_general_ci */ ;
/*!50003 SET @saved_sql_mode       = @@sql_mode */ ;
/*!50003 SET sql_mode              = '' */ ;
DELIMITER ;;
CREATE DEFINER=`root`@`localhost` PROCEDURE `user_validate`(user varchar(7),pass varchar(20))
BEGIN
DECLARE 
	user_exist,pass_match varchar(1);
	
	SET user_exist = (SELECT COUNT(*) from person_login where username = UPPER(user));
	IF user_exist = '1' THEN
		SET pass_match = (SELECT COUNT(*) from person_login where username = UPPER(user) and password = pass);
		IF pass_match = '1' THEN
			UPDATE person_login SET last_login = NOW() WHERE username = UPPER(user) and password = pass;
			IF substring(UPPER(user),2,1) = 'U' THEN
				SELECT 1,'USER LOGGED IN' as msg;
			ELSEIF substring(UPPER(user),2,1) = 'F' THEN
				IF (SELECT TYPE FROM FACULTY where lib_id = UPPER(user))='ADMIN' THEN
					SELECT 2,'ADMIN LOGGED IN' as msg;
				ELSE
					SELECT 3,'FACULTY LOGGED IN' as msg;
				END IF;
			END IF;
		ELSE
			SELECT 0,'Password doesnot match' as msg;
		END IF;
	ELSE
		SELECT -1,'Username is invalid' as msg;
	END IF;	
END ;;
DELIMITER ;
/*!50003 SET sql_mode              = @saved_sql_mode */ ;
/*!50003 SET character_set_client  = @saved_cs_client */ ;
/*!50003 SET character_set_results = @saved_cs_results */ ;
/*!50003 SET collation_connection  = @saved_col_connection */ ;
/*!50003 DROP PROCEDURE IF EXISTS `view_profile` */;
/*!50003 SET @saved_cs_client      = @@character_set_client */ ;
/*!50003 SET @saved_cs_results     = @@character_set_results */ ;
/*!50003 SET @saved_col_connection = @@collation_connection */ ;
/*!50003 SET character_set_client  = utf8 */ ;
/*!50003 SET character_set_results = utf8 */ ;
/*!50003 SET collation_connection  = utf8_general_ci */ ;
/*!50003 SET @saved_sql_mode       = @@sql_mode */ ;
/*!50003 SET sql_mode              = '' */ ;
DELIMITER ;;
CREATE DEFINER=`root`@`localhost` PROCEDURE `view_profile`(p_id varchar(7))
begin
IF p_id = '*' THEN
	select p.person_id , pn.first_name , pn.last_name , pa.address , pa.phone , p.email , p.last_update
	from person p , person_address pa , person_name pn
	where p.person_id = pn.person_id and p.address_id = pa.address_id;
ELSEIF p_id = 'LU' THEN
	SELECT * from user_vu;
ELSEIF p_id = 'LF' THEN
	SELECT * from fac_vu;
ELSE
	select * from user_vu where person_id = p_id;
END IF;
end ;;
DELIMITER ;
/*!50003 SET sql_mode              = @saved_sql_mode */ ;
/*!50003 SET character_set_client  = @saved_cs_client */ ;
/*!50003 SET character_set_results = @saved_cs_results */ ;
/*!50003 SET collation_connection  = @saved_col_connection */ ;

--
-- Final view structure for view `book_uv`
--

/*!50001 DROP TABLE IF EXISTS `book_uv`*/;
/*!50001 DROP VIEW IF EXISTS `book_uv`*/;
/*!50001 SET @saved_cs_client          = @@character_set_client */;
/*!50001 SET @saved_cs_results         = @@character_set_results */;
/*!50001 SET @saved_col_connection     = @@collation_connection */;
/*!50001 SET character_set_client      = utf8 */;
/*!50001 SET character_set_results     = utf8 */;
/*!50001 SET collation_connection      = utf8_general_ci */;
/*!50001 CREATE ALGORITHM=UNDEFINED */
/*!50013 DEFINER=`root`@`localhost` SQL SECURITY DEFINER */
/*!50001 VIEW `book_uv` AS (select `b`.`book_id` AS `book_id`,`b`.`ISBN` AS `ISBN`,`b`.`publication_date` AS `publication_date`,`b`.`Edition` AS `Edition`,`t`.`title` AS `title`,`a`.`author_name` AS `author_name`,`s`.`subject_name` AS `subject_name`,`p`.`name` AS `publisher_name`,count(`bc`.`book_id`) AS `copies` from ((((((`book` `b` join `book_details` `bd`) join `author` `a`) join `publisher` `p`) join `subject` `s`) join `book_title` `t`) join `book_copy` `bc`) where ((`b`.`book_id` = `bd`.`book_id`) and (`bd`.`title_id` = `t`.`title_id`) and (`bd`.`author_id` = `a`.`author_id`) and (`bd`.`subject_id` = `s`.`subject_id`) and (`bd`.`publisher_id` = `p`.`pub_id`) and (`bc`.`book_id` = `bd`.`book_id`)) group by `b`.`book_id`,`b`.`ISBN`,`b`.`publication_date`,`b`.`Edition`,`t`.`title`,`a`.`author_name`,`s`.`subject_name`,`p`.`name`) */;
/*!50001 SET character_set_client      = @saved_cs_client */;
/*!50001 SET character_set_results     = @saved_cs_results */;
/*!50001 SET collation_connection      = @saved_col_connection */;

--
-- Final view structure for view `fac_vu`
--

/*!50001 DROP TABLE IF EXISTS `fac_vu`*/;
/*!50001 DROP VIEW IF EXISTS `fac_vu`*/;
/*!50001 SET @saved_cs_client          = @@character_set_client */;
/*!50001 SET @saved_cs_results         = @@character_set_results */;
/*!50001 SET @saved_col_connection     = @@collation_connection */;
/*!50001 SET character_set_client      = utf8 */;
/*!50001 SET character_set_results     = utf8 */;
/*!50001 SET collation_connection      = utf8_general_ci */;
/*!50001 CREATE ALGORITHM=UNDEFINED */
/*!50013 DEFINER=`root`@`localhost` SQL SECURITY DEFINER */
/*!50001 VIEW `fac_vu` AS (select `p`.`person_id` AS `person_id`,`pn`.`first_name` AS `first_name`,`pn`.`last_name` AS `last_name`,`f`.`type` AS `type`,`a`.`address` AS `address`,`p`.`phone` AS `phone`,`p`.`email` AS `email`,`p`.`last_update` AS `last_update` from (((((`person` `p` join `person_login` `pl`) join `person_address` `pa`) join `address` `a`) join `person_name` `pn`) join `faculty` `f`) where ((`p`.`person_id` = `pn`.`person_id`) and (`p`.`person_id` = `pl`.`username`) and (`p`.`person_id` = `pa`.`person_id`) and (`p`.`person_id` = `f`.`lib_id`) and (`a`.`address_id` = `pa`.`address_id`))) */;
/*!50001 SET character_set_client      = @saved_cs_client */;
/*!50001 SET character_set_results     = @saved_cs_results */;
/*!50001 SET collation_connection      = @saved_col_connection */;

--
-- Final view structure for view `fine_vu`
--

/*!50001 DROP TABLE IF EXISTS `fine_vu`*/;
/*!50001 DROP VIEW IF EXISTS `fine_vu`*/;
/*!50001 SET @saved_cs_client          = @@character_set_client */;
/*!50001 SET @saved_cs_results         = @@character_set_results */;
/*!50001 SET @saved_col_connection     = @@collation_connection */;
/*!50001 SET character_set_client      = utf8 */;
/*!50001 SET character_set_results     = utf8 */;
/*!50001 SET collation_connection      = utf8_general_ci */;
/*!50001 CREATE ALGORITHM=UNDEFINED */
/*!50013 DEFINER=`root`@`localhost` SQL SECURITY DEFINER */
/*!50001 VIEW `fine_vu` AS select `n`.`person_id` AS `person_id`,`n`.`first_name` AS `first_name`,`n`.`last_name` AS `last_name`,`f`.`total_fine` AS `total_fine`,`f`.`paid` AS `paid`,`f`.`remain` AS `remain` from (`person_name` `n` join `user_fine` `f`) where (`n`.`person_id` = `f`.`lib_id`) */;
/*!50001 SET character_set_client      = @saved_cs_client */;
/*!50001 SET character_set_results     = @saved_cs_results */;
/*!50001 SET collation_connection      = @saved_col_connection */;

--
-- Final view structure for view `user_book_history`
--

/*!50001 DROP TABLE IF EXISTS `user_book_history`*/;
/*!50001 DROP VIEW IF EXISTS `user_book_history`*/;
/*!50001 SET @saved_cs_client          = @@character_set_client */;
/*!50001 SET @saved_cs_results         = @@character_set_results */;
/*!50001 SET @saved_col_connection     = @@collation_connection */;
/*!50001 SET character_set_client      = utf8 */;
/*!50001 SET character_set_results     = utf8 */;
/*!50001 SET collation_connection      = utf8_general_ci */;
/*!50001 CREATE ALGORITHM=UNDEFINED */
/*!50013 DEFINER=`root`@`localhost` SQL SECURITY DEFINER */
/*!50001 VIEW `user_book_history` AS select `t`.`title` AS `title`,`bi`.`copy_no` AS `copy_no`,`bi`.`person_id` AS `person_id`,`bi`.`issue_date` AS `issue_date`,`bi`.`expiry_date` AS `expiry_date` from ((`book_issue_details` `bi` join `book_details` `bd`) join `book_title` `t`) where ((`bd`.`book_id` = `bi`.`book_id`) and (`bd`.`title_id` = `t`.`title_id`) and isnull(`bi`.`return_date`)) */;
/*!50001 SET character_set_client      = @saved_cs_client */;
/*!50001 SET character_set_results     = @saved_cs_results */;
/*!50001 SET collation_connection      = @saved_col_connection */;

--
-- Final view structure for view `user_vu`
--

/*!50001 DROP TABLE IF EXISTS `user_vu`*/;
/*!50001 DROP VIEW IF EXISTS `user_vu`*/;
/*!50001 SET @saved_cs_client          = @@character_set_client */;
/*!50001 SET @saved_cs_results         = @@character_set_results */;
/*!50001 SET @saved_col_connection     = @@collation_connection */;
/*!50001 SET character_set_client      = utf8 */;
/*!50001 SET character_set_results     = utf8 */;
/*!50001 SET collation_connection      = utf8_general_ci */;
/*!50001 CREATE ALGORITHM=UNDEFINED */
/*!50013 DEFINER=`root`@`localhost` SQL SECURITY DEFINER */
/*!50001 VIEW `user_vu` AS (select `p`.`person_id` AS `person_id`,`pn`.`first_name` AS `first_name`,`pn`.`last_name` AS `last_name`,`m`.`university_id` AS `university_id`,`a`.`address` AS `address`,`p`.`phone` AS `phone`,`p`.`email` AS `email`,`p`.`last_update` AS `last_update` from (((((`person` `p` join `person_login` `pl`) join `person_address` `pa`) join `address` `a`) join `person_name` `pn`) join `member` `m`) where ((`p`.`person_id` = `pn`.`person_id`) and (`p`.`person_id` = `pl`.`username`) and (`p`.`person_id` = `pa`.`person_id`) and (`p`.`person_id` = `m`.`lib_id`) and (`a`.`address_id` = `pa`.`address_id`))) */;
/*!50001 SET character_set_client      = @saved_cs_client */;
/*!50001 SET character_set_results     = @saved_cs_results */;
/*!50001 SET collation_connection      = @saved_col_connection */;
/*!40103 SET TIME_ZONE=@OLD_TIME_ZONE */;

/*!40101 SET SQL_MODE=@OLD_SQL_MODE */;
/*!40014 SET FOREIGN_KEY_CHECKS=@OLD_FOREIGN_KEY_CHECKS */;
/*!40014 SET UNIQUE_CHECKS=@OLD_UNIQUE_CHECKS */;
/*!40101 SET CHARACTER_SET_CLIENT=@OLD_CHARACTER_SET_CLIENT */;
/*!40101 SET CHARACTER_SET_RESULTS=@OLD_CHARACTER_SET_RESULTS */;
/*!40101 SET COLLATION_CONNECTION=@OLD_COLLATION_CONNECTION */;
/*!40111 SET SQL_NOTES=@OLD_SQL_NOTES */;

-- Dump completed on 2015-05-25 15:33:53
